NEWID,SIZE,SIZEAM,SIZEAF,SIZEJM,SIZEJF,SIZEIN,EXP,FDHO,FDAW,SHEL,TELE,DOM,TEXT,FURN,MAPP,SAPP,CLOT,FOOT,GASO,TRIP,LOCT,HEAL,ENT,FEES,TOYS,READ,EDUC,TOB,REFAGE,REFEDUC,REFRACE,HHTENURE,HHTYPE
641702,4,2,1,0,1,0,40517,6475,1096,6678,522,0,80,0,760,89,1045,45,615,0,0,495,2363,618,0,222,0,0,46,4,1,1,4
641732,4,1,1,1,1,0,33541,3146,980,7868,1201,131,161,967,210,95,1588,99,1753,201,0,834,2981,442,1061,200,110,0,29,3,1,1,3
641762,1,0,1,0,0,0,5182,1632,150,1553,687,0,0,0,0,0,327,43,0,305,72,277,53,0,0,0,0,0,71,3,2,4,8
641812,5,2,1,2,0,0,40385,2405,680,4410,3142,0,70,1265,725,86,901,196,1278,822,0,-999999,1986,736,130,399,0,910,36,3,1,4,5
641842,1,1,0,0,0,0,40302,2227,1637,597,743,525,0,0,468,0,731,86,1782,0,0,549,330,235,20,6,0,0,59,1,1,2,8
641882,2,1,1,0,0,0,23189,2470,475,2252,501,65,0,0,0,0,425,55,1110,1000,0,1738,240,32,0,47,1000,624,41,5,1,2,6
641892,1,0,1,0,0,0,13503,3510,305,2917,287,0,0,0,0,0,628,0,170,52,30,893,510,50,150,221,0,0,69,3,1,2,8
641922,2,0,2,0,0,0,5110,1662,0,918,528,0,0,0,0,0,0,0,0,0,0,820,261,0,0,0,0,169,88,1,2,4,9
641942,3,1,1,1,0,0,15754,2405,695,72,1542,0,0,0,0,0,1041,72,640,0,0,840,802,80,0,175,427,780,34,2,1,2,7
641952,2,2,0,0,0,0,40763,2483,5340,471,1043,0,0,115,0,0,456,85,827,0,0,2563,1437,0,19,0,0,1508,31,3,1,2,9
641972,3,1,2,0,0,0,23061,1770,3211,3869,905,60,0,0,0,0,619,3,2305,0,0,66,809,397,144,12,0,0,56,4,1,1,9
642022,4,1,1,1,0,1,30839,4160,528,12878,882,650,0,225,0,0,1053,120,620,0,0,211,1103,325,415,62,0,1053,41,4,1,1,3
642042,2,1,1,0,0,0,25206,3390,884,5100,588,63,35,0,10,244,1302,218,1448,0,0,3080,2675,1171,381,187,10,0,69,6,1,1,1
642052,3,0,1,1,1,0,15891,1430,591,4444,565,300,37,0,0,0,870,230,596,0,0,678,1179,0,243,147,0,416,45,3,2,4,9
642062,4,1,1,1,1,0,38821,2496,1037,16038,901,0,138,266,50,31,1919,361,1154,0,0,4432,565,80,123,36,110,0,42,4,1,1,3
642072,2,0,1,1,0,0,11766,2145,525,3484,670,168,17,41,0,22,439,114,1040,0,0,0,525,0,160,0,0,767,33,3,1,4,7
642122,1,0,1,0,0,0,4934,572,48,1277,149,78,74,0,0,0,223,3,918,0,0,603,138,0,16,0,0,0,63,1,1,4,8
642132,3,2,1,0,0,0,13754,3653,0,1243,365,40,0,0,0,20,332,174,1608,723,0,2540,20,20,0,165,0,0,85,2,1,2,4
642142,2,1,1,0,0,0,14142,1194,230,1636,537,0,0,0,0,0,210,0,860,0,5,366,1507,357,135,51,0,325,37,3,1,4,9
642152,2,1,1,0,0,0,27813,3692,385,1033,405,39,249,0,0,120,1024,32,2961,78,0,2649,5263,330,120,585,30,585,55,3,1,2,1
642182,2,1,1,0,0,0,21005,1638,201,10470,656,0,0,0,0,0,17,10,1320,0,66,1899,724,0,545,20,0,364,46,4,1,4,9
642192,1,1,0,0,0,0,11511,1677,965,885,229,10,10,0,0,0,323,40,827,54,0,543,440,70,0,29,0,0,67,3,1,2,8
642202,6,1,2,2,1,0,41750,4469,1325,10300,1721,3090,0,35,0,0,868,282,1232,0,240,485,1056,258,45,87,0,0,48,4,4,4,3
642212,4,2,2,0,0,0,32855,5265,802,2937,955,0,17,0,1065,0,2481,168,1616,1256,30,1314,3739,470,2110,399,0,1235,54,3,1,2,4
642222,2,1,1,0,0,0,62043,4012,2153,18275,869,1360,54,0,0,0,1701,282,2265,1069,0,242,1350,688,91,230,0,1560,53,6,1,1,1
642252,2,1,1,0,0,0,19415,1404,2255,5107,390,984,80,0,105,0,675,0,462,0,0,5257,336,226,0,125,0,0,77,4,1,2,1
642302,3,1,1,1,0,0,51815,4550,2384,10541,585,0,163,0,239,127,2135,161,1516,0,0,1892,3376,260,210,186,0,1521,36,6,1,1,3
642312,3,1,2,0,0,0,26961,4452,823,1227,500,0,83,41,120,45,600,124,3543,0,10,146,9620,149,25,91,0,1430,37,4,1,2,9
642342,2,1,1,0,0,0,19185,1339,754,6279,555,0,0,0,0,0,479,200,2714,166,0,248,716,245,0,22,0,0,26,4,1,4,9
642362,2,1,1,0,0,0,19704,1807,599,7319,350,35,49,0,0,15,761,190,1015,0,0,255,1816,487,25,0,0,520,24,4,1,4,9
642372,3,2,1,0,0,0,21831,3302,510,4649,393,0,0,0,0,45,393,130,1004,0,0,1087,1201,30,591,267,0,195,59,4,1,2,4
642392,2,1,1,0,0,0,40768,2744,6634,5981,1078,0,4,0,720,21,7970,473,1402,1301,0,2387,1533,891,160,333,0,0,70,6,1,2,1
642402,3,1,1,0,0,1,49079,4330,750,19417,528,600,74,1600,0,0,1862,134,1089,0,0,410,1380,220,487,103,0,0,31,5,1,1,2
642412,3,2,1,0,0,0,12766,3018,29,109,280,0,0,0,0,0,38,8,257,0,0,1589,59,22,0,210,0,130,77,2,1,2,4
642422,5,1,1,2,1,0,13030,3250,330,3871,586,0,61,949,0,25,544,8,370,0,0,0,1272,0,581,77,0,0,28,2,1,1,9
642462,1,0,1,0,0,0,8841,1476,85,1513,565,0,68,210,0,0,258,45,779,0,0,2044,0,0,0,10,0,273,74,5,1,4,8
642472,1,1,0,0,0,0,17943,982,1415,3297,44,13,40,0,0,80,844,130,540,500,3,422,854,472,141,77,0,0,24,5,1,4,8
642502,1,0,1,0,0,0,6214,1365,345,1502,332,54,84,86,0,0,474,105,405,0,0,1024,0,0,0,0,0,234,73,1,1,4,8
642512,1,1,0,0,0,0,21114,1508,1245,3593,445,30,0,0,50,0,190,0,406,0,0,1856,80,0,80,108,0,0,66,2,1,2,8
642522,1,0,1,0,0,0,7898,1862,330,1440,297,0,15,0,0,65,130,0,630,0,0,1782,297,0,0,20,0,0,70,1,1,2,8
642552,4,1,1,1,1,0,30707,4885,1718,4542,350,0,101,0,0,0,1012,284,1951,800,0,1872,1871,877,0,95,270,0,44,4,1,2,3
642562,3,2,1,0,0,0,69698,6114,3554,15618,2056,0,370,250,0,148,7220,265,3115,0,0,1841,1805,487,726,146,0,936,45,5,1,1,9
642572,4,2,1,1,0,0,70155,5799,2180,6096,583,0,40,36,0,9,2459,122,4165,0,70,2027,5777,33,1605,1,2455,1209,42,3,1,1,4
642592,5,1,1,2,1,0,15032,4160,80,3584,460,0,0,0,0,6,1330,205,865,0,0,225,374,0,50,0,0,0,37,1,1,1,3
642602,4,1,1,2,0,0,55858,5355,2404,7141,968,4093,249,0,524,65,2816,328,1586,0,0,1139,2906,876,220,108,541,0,31,3,1,1,3
642632,2,1,1,0,0,0,31747,3816,2483,6302,1191,0,25,230,179,175,1562,290,1069,0,0,1221,1729,340,347,130,42,0,30,4,1,1,1
642652,2,1,1,0,0,0,11562,3039,150,1200,196,200,150,0,0,131,532,346,810,0,0,3461,0,0,0,17,0,13,78,1,2,2,1
642672,1,1,0,0,0,0,12390,2102,120,6600,250,0,41,0,0,112,341,72,30,0,67,543,948,0,0,237,0,676,66,1,3,4,8
642682,1,0,1,0,0,0,7016,1711,150,61,444,5,24,0,0,0,232,7,533,0,0,71,0,0,0,0,0,0,56,1,1,2,8
642702,3,1,1,0,1,0,96396,2598,3172,19643,735,5856,0,2250,0,46,4260,56,1906,2422,0,2517,5422,3752,465,587,0,0,28,5,1,1,2
642712,2,0,2,0,0,0,24614,2606,335,2839,298,0,198,7,0,405,2584,205,824,0,0,1797,928,300,206,253,0,0,49,5,1,2,9
642722,2,1,1,0,0,0,22735,2765,1080,1558,661,0,0,0,0,179,559,50,3325,3000,0,3617,1418,320,378,164,0,0,62,3,1,2,1
642752,2,1,1,0,0,0,20483,3333,1136,7261,490,133,161,0,0,54,1031,46,613,0,0,383,1350,431,32,200,18,494,45,4,1,1,9
642772,3,2,1,0,0,0,36907,5340,450,6265,3400,70,50,80,152,19,589,72,739,0,0,5267,1823,755,90,630,2437,0,60,6,1,4,4
642812,2,1,1,0,0,0,31822,2600,0,10078,1725,73,140,0,0,15,224,107,2581,0,0,6772,862,0,335,221,0,0,53,3,1,1,1
642852,1,0,1,0,0,0,13619,1140,346,2476,368,242,44,84,0,40,869,379,323,0,0,620,870,239,419,373,0,0,49,3,1,1,8
642882,1,0,1,0,0,0,34401,1820,255,6612,785,82,53,735,148,29,557,85,1006,0,0,3760,655,226,121,84,0,0,49,3,1,2,8
642902,1,0,1,0,0,0,10281,1474,270,2528,527,490,90,0,0,0,397,0,310,0,0,1088,811,188,74,213,0,0,67,3,1,2,8
642952,2,1,1,0,0,0,32165,2734,308,6743,681,0,37,0,0,99,1623,144,1809,373,0,2321,1629,190,833,552,0,0,56,4,1,4,1
642982,5,2,2,1,0,0,52226,6240,1092,19304,1440,0,0,0,3239,114,809,208,1770,0,0,1214,1822,142,331,3,80,494,39,4,1,1,9
642992,1,0,1,0,0,0,13941,273,24,12000,318,0,0,31,0,0,90,21,0,181,0,916,0,0,0,0,0,0,81,2,1,4,8
643002,3,1,0,2,0,0,40850,4435,2051,11003,1049,165,213,0,0,80,1308,240,1165,0,0,115,4342,1088,1331,230,47,0,37,5,1,1,6
643012,2,1,1,0,0,0,15270,8073,366,847,247,0,146,0,0,59,106,51,426,0,0,1420,27,0,0,128,0,0,79,1,1,2,1
643042,1,1,0,0,0,0,21143,2314,748,4675,431,65,0,28,0,14,221,0,973,0,0,1312,1013,3,0,203,1700,0,53,3,1,4,8
643052,3,1,1,0,1,0,26029,4043,555,7363,1176,135,32,560,0,38,866,167,805,0,0,724,1103,589,85,136,0,0,30,5,1,1,2
643072,3,0,1,2,0,0,10209,3900,0,1488,608,0,0,0,0,0,623,111,610,0,0,12,970,24,130,0,5,0,25,4,2,4,7
643112,1,0,1,0,0,0,10950,1235,534,3956,1506,1060,0,757,0,0,209,16,0,0,0,1036,0,0,0,0,0,0,75,2,1,4,8
643122,2,1,1,0,0,0,19745,2405,740,4659,296,0,109,0,0,25,1052,42,2499,0,0,3497,268,95,125,82,0,0,72,4,1,2,1
643132,3,1,2,0,0,0,54153,5200,1620,5863,605,0,65,400,0,60,2565,200,1520,0,0,1005,6886,674,2085,297,0,2249,42,3,1,1,4
643142,2,1,1,0,0,0,33668,4160,1245,11600,597,0,0,0,1473,0,1742,106,664,0,0,957,643,40,0,39,0,494,67,5,1,2,1
643162,2,1,1,0,0,0,7562,1378,276,150,292,0,103,0,0,0,382,83,398,0,0,1459,274,0,0,109,0,0,77,2,1,2,9
643182,2,0,1,0,1,0,34231,3975,1682,8292,1995,1250,40,1800,0,13,2835,216,0,0,890,3197,1509,0,820,231,0,1651,36,3,1,4,7
643212,4,1,1,2,0,0,34219,3640,797,2700,750,0,0,78,0,0,1033,151,870,0,0,596,979,21,200,55,324,819,36,3,1,4,3
643242,5,2,2,1,0,0,25784,3510,748,3654,751,0,0,0,180,160,1546,0,1573,0,0,3634,749,0,200,135,0,845,56,3,1,4,5
643262,3,2,1,0,0,0,52952,5406,6249,8489,637,435,420,320,1014,195,4087,178,1997,0,0,218,5567,236,370,226,3473,0,47,3,1,1,4
643312,3,1,2,0,0,0,32959,852,3349,3822,1216,56,12,0,0,125,969,100,2523,52,0,2999,1797,553,490,170,0,546,48,3,1,1,4
643342,3,0,2,1,0,0,17459,6890,471,850,1104,0,68,0,0,257,1613,192,200,0,0,1154,526,260,0,56,0,455,65,2,1,2,9
643352,3,1,1,0,1,0,25611,3345,645,2902,427,840,312,445,0,12,596,165,1808,0,0,879,1980,130,1050,24,0,0,26,3,1,1,9
643392,1,1,0,0,0,0,14998,3237,240,700,662,1,60,0,88,0,280,103,1436,0,0,864,627,0,57,133,0,546,75,1,1,2,8
643412,2,1,1,0,0,0,36229,2600,955,7278,1319,0,25,3340,0,154,1088,120,1140,0,0,31,1339,374,525,227,900,0,26,5,1,4,1
643442,3,1,1,1,0,0,26485,3625,1900,2348,573,160,65,0,329,0,1143,235,1110,0,0,2625,1177,211,65,164,100,0,44,4,1,1,3
643462,2,1,1,0,0,0,20563,2810,956,1360,364,831,26,0,1585,89,550,59,633,0,0,6031,367,0,14,241,0,0,75,2,1,2,1
643482,3,1,1,1,0,0,41865,2925,375,10453,497,4725,175,1100,0,0,2108,85,924,0,0,1510,1461,155,340,23,934,0,37,6,2,1,2
643492,5,1,3,1,0,0,29821,2882,2747,3599,536,0,20,600,1007,4,1942,134,1069,266,30,3099,1374,649,70,131,2740,0,48,6,1,2,4
643502,4,1,1,0,1,1,26792,2396,510,6822,327,793,41,53,0,68,1136,70,1160,0,0,2017,1091,99,384,101,130,0,27,4,1,1,2
643512,3,2,1,0,0,0,42406,2960,1636,9600,630,0,0,0,0,67,1473,161,2090,0,0,1873,3294,1046,465,112,35,39,47,5,1,4,3
643522,2,1,1,0,0,0,20083,2821,2100,1434,642,262,0,0,0,0,505,0,1883,0,34,4778,40,25,0,299,0,0,76,3,1,2,1
643532,1,1,0,0,0,0,10205,2043,135,3684,0,562,0,0,75,0,513,79,0,0,0,538,413,0,0,0,0,468,66,1,2,4,8
643552,2,1,1,0,0,0,31353,2917,232,6902,634,270,340,2415,0,229,523,130,1175,0,0,386,174,0,51,159,0,1079,38,3,1,1,1
643562,2,1,1,0,0,0,33674,5469,927,8823,626,12,84,0,0,156,1589,280,2071,0,0,1102,1912,477,1060,374,0,676,36,5,1,1,1
643582,2,1,1,0,0,0,13523,2678,100,1847,225,0,0,0,0,0,54,54,240,0,2,4964,827,18,123,229,0,0,78,2,1,2,9
643592,4,1,1,0,1,1,51835,4025,1154,9068,2500,1995,272,85,0,41,1839,296,1293,850,0,1660,2573,542,885,435,32,0,29,6,1,1,2
643602,6,1,1,3,1,0,18136,2836,1665,1060,1411,206,0,318,0,6,1055,288,910,0,0,1353,444,142,0,116,0,260,30,4,2,4,9
643612,2,1,1,0,0,0,54736,3770,2167,11136,772,381,0,0,0,0,850,52,2694,1592,0,800,2882,2056,160,187,0,0,31,5,1,1,1
643622,2,1,1,0,0,0,33499,2600,4657,4650,1613,0,21,107,0,0,2693,429,2740,1785,0,848,7090,3887,880,71,0,0,25,5,1,4,9
643662,4,3,1,0,0,0,95389,6795,5843,20059,464,3640,106,105,1650,405,3186,350,4223,534,0,552,9090,3700,2925,561,0,208,49,4,1,1,5
643672,3,2,1,0,0,0,44967,2726,2168,11861,1308,0,0,0,0,292,1002,252,650,0,0,3820,702,107,0,288,2840,0,50,5,1,1,4
643702,3,1,2,0,0,0,67707,3581,5900,6573,682,96,67,0,0,457,2604,256,3630,510,0,791,2140,1531,38,86,6088,0,52,4,1,1,4
643712,4,1,1,2,0,0,40879,5295,1842,9016,650,1974,62,96,0,78,1629,251,769,117,0,2818,3232,793,615,218,81,689,34,4,1,1,3
643732,3,0,1,1,0,1,17729,3276,435,5280,324,2342,56,253,0,42,1590,176,0,0,780,5,261,50,52,62,105,0,22,3,1,4,7
643752,1,1,0,0,0,0,15643,1934,1643,797,1527,0,0,316,0,0,604,164,1044,0,0,690,380,0,77,4,102,286,45,4,1,2,8
643762,5,1,1,1,1,1,15648,4168,480,867,281,0,0,20,0,2,114,0,1002,0,0,107,422,8,176,0,22,416,23,2,1,4,9
643772,1,1,0,0,0,0,19150,2535,255,7775,845,0,0,0,0,0,2084,450,440,0,0,2729,12,0,0,78,0,0,74,1,1,4,8
643802,2,1,1,0,0,0,9789,1898,50,1706,545,0,0,0,0,17,240,9,245,0,0,178,274,11,20,106,0,52,62,3,1,2,9
643842,1,1,0,0,0,0,27978,2340,2042,4742,706,79,0,0,0,0,737,110,1215,987,0,881,817,693,0,116,0,234,64,3,1,1,8
643852,4,1,1,1,1,0,40469,6201,910,9361,869,4008,0,0,0,0,244,0,1880,0,0,2469,1800,966,195,156,0,0,32,4,1,1,3
643882,5,1,2,1,0,1,30696,3990,1613,7737,1141,0,78,0,0,10,1294,129,1760,137,0,1336,929,496,125,130,386,0,36,4,1,1,4
643892,2,1,1,0,0,0,48195,3481,1649,6617,1230,1452,0,800,0,25,1633,205,1207,1028,0,610,3590,1079,1076,262,0,39,53,6,1,1,1
643922,2,1,1,0,0,0,12817,1820,680,462,340,0,19,0,0,41,320,0,60,0,0,4459,431,98,28,9,0,182,66,4,1,2,9
643932,4,1,1,1,1,0,10527,3666,240,3375,159,0,0,240,160,12,593,14,45,0,0,74,0,0,0,0,89,0,33,2,2,5,3
643942,2,1,1,0,0,0,42946,2924,1670,4100,201,0,0,718,0,323,1503,122,3203,503,0,1267,7115,60,588,154,0,0,50,3,1,1,1
643952,2,1,1,0,0,0,72281,4254,3240,6979,1576,40,157,0,0,350,2836,100,1935,462,0,1599,1681,562,380,122,0,858,33,5,1,1,9
643972,4,1,1,1,1,0,13773,6125,20,3135,583,27,0,0,0,0,1304,77,693,0,0,0,205,65,0,8,0,0,37,0,1,4,3
643982,2,1,1,0,0,0,17189,3554,165,1400,178,11,205,178,0,9,1281,168,300,0,0,3346,842,179,14,322,0,0,66,4,1,2,1
643992,2,0,1,1,0,0,14340,4368,630,1440,718,3775,35,0,0,0,935,73,20,0,0,0,887,55,0,47,0,0,27,3,2,4,7
644002,2,1,1,0,0,0,47962,5811,1260,1200,643,0,0,0,0,0,225,0,2296,480,0,24,447,92,0,226,0,0,58,6,1,2,1
644022,7,3,3,0,1,0,29063,6266,300,8180,1745,0,0,0,250,0,2183,480,2760,0,0,540,1708,0,130,0,0,0,52,1,1,1,9
644052,2,1,1,0,0,0,34477,777,137,1615,1543,0,0,1985,0,377,52,0,668,0,0,2403,973,0,120,102,0,390,49,3,3,1,1
644092,4,1,1,0,2,0,84354,7193,2654,17243,564,896,105,851,0,64,4332,309,1580,433,10,5708,10535,5609,1936,362,803,0,43,6,1,1,3
644132,2,1,1,0,0,0,37943,7215,1200,10874,1075,0,0,75,0,0,345,35,2006,0,0,1703,350,50,300,50,4572,0,56,3,1,1,1
644142,1,0,1,0,0,0,13584,1477,204,1783,265,0,39,439,90,90,1539,186,320,0,155,1022,526,5,107,37,0,0,52,3,1,2,8
644162,2,1,1,0,0,0,12184,3025,499,3000,420,0,0,0,0,0,2,0,1100,0,0,1762,374,49,0,15,0,0,76,3,1,2,1
644172,2,1,1,0,0,0,49563,6500,1597,2342,605,26477,69,0,768,0,628,215,649,526,0,2270,1275,369,594,542,0,0,79,5,1,1,1
644192,1,0,1,0,0,0,36263,962,576,16944,386,1636,139,0,0,0,591,160,0,0,0,3677,3710,3451,0,213,0,0,88,5,1,2,8
644202,4,1,1,2,0,0,18313,3716,515,3515,204,1109,26,32,0,9,1225,78,763,0,0,644,1685,196,495,193,0,0,32,3,1,1,3
644212,2,1,1,0,0,0,25399,2004,841,4736,562,48,0,0,0,54,2049,261,1177,372,0,4123,969,574,0,405,1000,0,67,3,1,2,1
644222,2,1,1,0,0,0,50235,1399,2891,8960,545,0,52,0,650,0,444,0,3082,350,0,3956,1456,453,0,383,685,403,50,4,1,1,1
644242,2,1,1,0,0,0,14230,1560,171,5165,0,12,26,0,0,57,323,124,1300,0,0,897,461,0,461,25,712,442,20,4,1,4,9
644262,2,0,2,0,0,0,25617,1560,470,2233,705,0,30,0,0,0,670,0,640,400,0,1485,542,277,160,214,0,0,65,4,1,2,9
644292,2,1,1,0,0,0,18226,1871,1773,3578,346,0,122,0,0,0,965,148,795,0,72,1221,429,97,0,110,1948,0,48,3,1,2,7
644302,4,1,2,0,1,0,31542,4462,1968,7778,1188,0,106,0,0,295,3760,366,995,588,0,400,796,90,50,172,0,0,47,5,1,4,3
644312,4,1,1,0,2,0,24262,3130,1412,1401,385,0,20,0,0,25,1652,70,2033,0,0,817,2466,520,300,266,830,0,36,5,1,2,3
644322,1,0,1,0,0,0,17617,1366,357,7644,303,0,104,446,0,0,775,52,344,0,0,2641,431,79,0,258,0,0,82,3,1,4,8
644332,1,1,0,0,0,0,22068,2239,1228,3938,294,13,0,69,370,28,811,173,2655,0,0,194,2497,636,465,202,0,0,30,1,1,2,8
644342,2,0,1,0,1,0,43534,3075,1590,9403,598,3685,75,0,0,0,3055,263,682,892,0,1683,2002,603,295,80,2110,234,38,4,1,1,7
644362,1,0,1,0,0,0,14574,1074,567,5490,432,0,0,90,0,47,651,58,0,0,405,155,563,203,61,123,2486,39,25,4,1,4,8
644402,2,1,1,0,0,0,6471,2041,264,300,336,35,0,0,0,0,48,0,422,0,0,1381,42,42,0,122,0,0,77,3,1,2,1
644432,4,1,1,0,2,0,57500,4940,3822,12031,692,6335,64,867,0,123,2921,422,1750,800,0,1497,3294,652,1257,689,305,0,44,3,1,1,2
644452,1,0,1,0,0,0,8535,2600,300,1874,360,0,0,0,0,0,115,10,441,0,0,548,24,24,0,0,0,377,60,4,1,4,8
644472,5,1,1,3,0,0,85065,8905,1480,15621,333,600,24,0,0,0,1741,122,2590,910,0,7272,4365,2498,858,323,431,0,48,6,1,1,3
644482,4,1,1,1,1,0,22749,4145,1446,5248,468,362,0,0,0,8,515,134,1295,0,0,682,1313,145,411,145,758,0,31,2,1,1,3
644492,2,0,1,1,0,0,10481,1183,12,3850,970,0,0,0,78,28,232,63,795,0,0,-999999,175,25,143,21,5,260,51,2,1,4,7
644502,2,1,1,0,0,0,42094,1074,1073,6650,538,0,96,157,0,82,548,21,2375,0,0,3252,2198,60,309,84,0,0,29,3,1,4,1
644512,1,0,1,0,0,0,24436,1957,2024,7557,480,1264,298,0,0,20,1651,91,655,184,0,1461,3550,3415,0,102,0,533,60,3,1,2,8
644522,2,1,1,0,0,0,27975,4810,375,12128,2837,0,178,0,0,0,518,25,1063,0,0,545,442,0,0,147,0,260,52,1,1,1,9
644532,1,1,0,0,0,0,28347,1422,301,6784,315,0,8,0,0,0,463,68,317,154,20,814,3864,317,2311,115,0,520,43,6,1,1,8
644552,4,1,1,2,0,0,32929,5135,1733,5205,291,260,60,0,0,106,1476,0,1140,0,90,879,1592,326,70,164,1935,533,43,3,2,1,3
644572,2,1,1,0,0,0,20106,2860,1770,4400,30,124,0,0,0,0,300,0,1210,0,0,1806,1371,0,0,0,0,962,52,2,1,4,9
644582,4,1,1,1,0,1,30992,3445,1002,6934,407,3101,141,359,105,108,2100,211,1416,0,0,1569,1352,14,368,36,6,52,25,3,1,4,3
644592,2,1,1,0,0,0,22202,4875,310,1707,378,415,26,1212,100,163,340,25,305,0,0,3798,451,20,65,315,0,325,76,3,1,2,1
644622,2,1,1,0,0,0,17005,2132,75,8145,2110,20,16,0,0,32,573,32,405,0,0,481,492,0,0,40,0,0,63,2,1,4,1
644632,3,1,1,0,0,1,29900,4495,1005,8474,1387,155,210,159,0,25,2487,122,928,432,0,1332,877,145,190,165,150,104,26,4,1,1,2
644642,1,1,0,0,0,0,16871,2535,150,5100,660,392,0,0,0,0,133,40,560,0,5,566,788,180,0,42,0,741,44,3,1,5,8
644652,1,1,0,0,0,0,10790,2600,0,3071,287,95,0,0,0,0,35,0,0,0,45,2648,0,0,0,0,0,104,80,1,2,4,8
644742,2,1,1,0,0,0,38355,5785,930,5724,1080,0,526,532,0,211,2053,317,1680,62,0,3690,1909,216,859,499,30,416,57,4,1,1,1
644752,1,0,1,0,0,0,10315,1885,645,1967,204,0,0,0,0,0,312,0,600,0,0,35,1423,630,114,163,0,832,66,3,1,2,8
644762,1,1,0,0,0,0,7782,1118,30,2970,212,18,0,10,0,0,69,0,137,0,99,1438,360,15,0,0,0,0,70,2,1,4,8
644772,2,0,2,0,0,0,16084,2197,395,3200,730,20,0,0,0,0,1481,276,455,0,0,1026,526,21,0,90,10,0,45,3,2,1,7
644782,2,1,1,0,0,0,11788,2457,420,2980,300,0,0,0,0,0,473,58,150,0,114,1336,828,94,250,359,0,0,72,5,1,2,1
644792,2,1,1,0,0,0,20005,3637,301,2528,794,12,95,0,0,40,451,0,691,0,0,2688,655,323,0,166,0,741,78,1,1,2,1
644802,3,1,1,1,0,0,70859,7663,2341,7796,495,1437,0,0,0,210,1781,105,1185,549,0,1705,4277,2880,247,340,2996,0,47,6,1,1,3
644822,4,1,1,1,0,1,21706,2405,422,6567,453,75,204,48,0,27,902,30,950,0,0,1490,1878,712,340,8,0,130,26,3,1,1,2
644842,1,0,1,0,0,0,11929,2174,200,3169,332,1,47,0,0,63,154,57,0,0,0,1950,345,19,0,108,0,767,64,4,1,1,8
644852,3,1,2,0,0,0,69816,7230,470,8767,941,941,300,0,200,110,970,0,1092,0,0,3855,4218,531,1117,715,2518,780,71,6,1,2,4
644872,2,1,0,1,0,0,6351,2457,72,1569,840,0,0,0,0,125,130,0,447,0,9,35,311,7,0,53,0,0,51,6,4,4,6
644882,1,0,1,0,0,0,27217,2290,1805,5962,573,420,823,0,0,0,2114,504,75,846,0,1383,2235,1072,100,122,0,0,66,3,1,2,8
644892,4,1,1,2,0,0,30178,3770,883,7133,857,0,0,834,125,38,1208,193,529,596,0,2428,1790,215,210,363,30,0,39,5,1,1,3
644912,3,1,2,0,0,0,10597,1950,161,2205,368,0,0,0,211,20,167,0,640,0,0,1697,156,5,0,86,0,1209,64,3,1,4,4
644922,2,1,1,0,0,0,13715,2353,231,4100,345,425,0,0,0,0,29,29,555,0,0,3705,0,0,0,65,0,0,80,2,1,2,1
644932,1,0,1,0,0,0,13687,1768,792,5709,397,0,0,0,0,0,314,53,479,371,0,2025,522,210,0,203,0,0,87,5,1,4,8
644942,4,1,1,1,1,0,17116,3081,1115,997,321,1178,40,0,0,0,1640,0,2360,0,0,1930,978,0,150,100,0,0,27,3,1,1,2
644952,2,1,1,0,0,0,27426,3160,744,7849,385,25,117,0,0,136,747,0,1360,0,0,1667,2075,1467,579,323,0,0,60,4,1,2,1
644962,4,1,1,1,1,0,56579,3375,1485,11769,329,9341,0,0,0,0,953,61,2480,0,0,3381,1663,788,310,77,0,507,30,3,1,1,3
644972,1,1,0,0,0,0,31655,1365,875,6770,341,0,0,0,0,12,251,48,1029,0,0,617,1057,255,0,224,0,0,40,6,1,1,8
644992,2,1,1,0,0,0,86577,4130,2096,4772,1371,0,215,205,1180,0,3064,262,3334,676,0,1881,9492,8112,153,579,49,1755,53,2,1,1,1
645022,7,2,2,0,0,3,27051,7969,626,9341,1471,0,0,106,0,0,2291,125,1018,0,0,274,189,19,140,4,0,0,30,1,1,4,5
645032,1,0,1,0,0,0,10477,1066,0,2800,270,225,0,13,106,20,33,13,230,0,0,3512,0,0,0,15,0,0,76,1,3,4,8
645042,1,0,1,0,0,0,11178,1040,165,3488,272,674,1,0,0,1,492,158,329,0,0,1047,53,32,0,158,0,0,77,3,1,2,8
645052,2,0,2,0,0,0,49785,4393,3301,13221,346,411,83,0,0,552,1536,478,953,1182,24,6544,6465,2287,2791,457,1101,0,29,4,1,1,9
645082,5,0,2,2,0,1,12626,3809,140,386,271,1400,0,0,0,0,879,0,850,0,0,126,684,0,600,19,300,650,35,4,1,4,7
645122,8,3,3,2,0,0,44817,8762,1010,7275,1895,0,0,95,0,15,1713,103,1812,605,0,3647,2231,140,690,194,132,2470,42,3,1,4,5
645132,2,1,1,0,0,0,15758,1157,150,2750,431,0,20,100,0,5,188,30,716,0,0,60,241,0,66,92,0,455,25,2,1,4,1
645142,1,1,0,0,0,0,21396,2015,2131,7365,710,100,0,0,0,31,373,178,0,319,0,890,1880,1003,0,250,0,0,37,5,1,1,8
645162,1,1,0,0,0,0,5590,1612,75,2171,197,0,0,0,0,0,50,0,0,0,37,614,15,0,0,0,0,702,83,1,1,4,8
645182,1,0,1,0,0,0,40538,2661,1076,7622,225,95,180,0,1449,404,5450,379,996,3628,59,1041,1260,697,223,368,0,0,55,5,1,1,8
645192,2,1,1,0,0,0,38834,1300,275,1689,1192,480,0,0,0,0,110,0,2122,0,0,1860,573,48,0,41,0,0,38,4,1,2,1
645202,2,1,1,0,0,0,32693,3731,999,1618,380,102,0,0,1287,0,414,211,600,0,0,6992,699,28,0,252,0,0,75,1,1,2,1
645242,2,0,2,0,0,0,47330,7345,1302,8146,2625,0,1140,0,0,150,2712,251,1200,3608,0,3891,2698,1056,853,229,967,338,50,5,1,2,9
645252,2,1,1,0,0,0,17823,2509,19,5079,288,875,0,0,0,0,100,0,960,222,0,4309,375,0,20,196,0,0,73,5,1,2,1
645272,5,1,1,1,2,0,92957,7030,1736,18121,785,0,262,52,0,283,6983,488,3016,0,0,6039,5198,945,85,65,45,390,39,6,1,1,3
645302,2,1,1,0,0,0,44439,6910,1080,5061,1227,255,349,500,0,154,1607,380,3050,0,0,4177,4978,3155,1714,107,0,0,58,2,1,2,9
645322,2,1,1,0,0,0,27188,3935,2185,5011,692,376,504,0,2686,33,931,26,1211,724,60,1552,1509,738,0,134,0,325,65,2,1,1,1
645342,2,1,1,0,0,0,22972,3445,150,3326,566,45,50,1092,0,0,426,126,1197,0,0,484,633,22,0,64,0,364,33,3,1,1,9
645382,3,1,1,1,0,0,40020,5509,2274,5635,558,0,0,125,800,0,3428,133,969,636,0,2944,2471,1046,86,188,615,962,55,6,1,1,3
645402,2,1,1,0,0,0,33067,2366,1284,5760,412,0,0,0,0,250,643,0,521,2163,0,1841,1496,1235,0,485,48,637,68,5,1,2,1
645432,2,1,1,0,0,0,24562,3412,498,6820,577,0,0,0,100,35,351,40,994,1279,0,1903,779,259,0,297,0,0,70,5,1,2,1
645442,1,0,1,0,0,0,8408,1365,288,2310,346,0,0,0,125,0,33,0,390,0,0,464,0,0,0,10,0,26,71,1,1,4,8
645452,2,1,1,0,0,0,36088,3304,552,9161,815,0,489,0,1369,160,5043,62,688,0,0,1157,3638,0,683,33,0,962,55,1,1,1,1
645472,2,0,1,0,1,0,8823,1456,105,6108,202,10,9,0,0,0,148,62,0,0,147,6,0,0,0,11,42,13,47,4,1,4,7
645482,1,0,1,0,0,0,8022,793,37,2834,289,23,0,0,0,0,89,0,740,0,0,848,98,33,45,108,0,0,71,6,1,2,8
645502,2,1,1,0,0,0,36395,2408,380,6319,597,0,35,0,0,75,398,55,680,0,0,1284,515,22,136,100,0,0,28,1,1,4,9
645512,2,1,1,0,0,0,14523,2280,1620,1354,348,0,70,0,500,17,214,8,720,30,0,1830,752,200,0,147,0,0,82,3,1,2,1
645522,3,1,1,0,0,1,49188,3685,3780,11214,761,2284,414,208,0,128,4546,140,1095,186,0,1755,2136,1091,233,339,0,0,27,5,1,1,2
645562,1,0,1,0,0,0,19744,3432,162,2733,332,24,51,0,0,40,918,58,1140,0,0,2756,600,35,241,154,0,52,72,2,1,2,8
645572,2,1,1,0,0,0,17536,845,1800,3475,366,0,0,894,364,26,396,106,675,0,0,3550,378,45,58,97,0,0,75,2,1,1,1
645602,3,1,1,0,1,0,32456,3036,632,5700,342,0,83,0,187,39,810,126,1290,0,0,885,3909,35,2838,559,45,1001,52,3,1,4,7
645622,4,1,1,1,1,0,38400,4640,2598,7832,430,359,87,0,425,26,687,50,1631,637,0,2967,2206,744,367,188,113,0,46,4,1,1,3
645652,1,0,1,0,0,0,6451,2327,30,2130,291,99,26,0,0,8,264,0,0,0,0,598,230,210,5,0,0,0,86,1,4,4,8
645662,4,1,1,1,1,0,31766,3197,550,9212,468,2034,450,528,0,50,967,351,1124,0,411,2042,1897,511,600,103,50,0,31,4,1,1,3
645682,1,0,1,0,0,0,24727,1265,2015,5171,675,45,42,19,0,90,2418,125,690,410,0,823,2219,928,326,178,100,0,29,5,1,4,8
645692,4,1,1,1,1,0,60013,4473,2897,6234,716,1084,110,1575,0,40,2023,0,1116,918,0,636,5728,3852,438,421,327,793,45,6,1,1,3
645712,2,1,1,0,0,0,15664,3744,555,679,1508,0,0,0,0,0,474,0,1320,0,0,42,880,65,75,53,0,78,64,3,2,1,1
645722,1,0,1,0,0,0,17356,845,1779,7037,348,549,0,0,0,0,614,0,405,174,0,1550,115,63,0,204,0,0,76,3,1,2,8
645752,4,2,1,1,0,0,50482,6260,1365,29097,681,30,80,0,0,144,2184,580,1608,626,300,2643,1024,260,0,13,0,0,51,1,1,1,3
645762,1,1,0,0,0,0,20752,3783,445,5700,353,0,30,0,700,38,711,231,1867,0,0,37,2478,32,500,124,562,130,37,4,1,5,8
645772,6,1,1,1,3,0,28048,7709,477,10650,1133,174,49,290,0,0,1165,30,1172,0,0,1269,299,10,4,15,0,0,38,2,1,4,3
645782,1,0,1,0,0,0,10932,1885,324,450,454,0,91,392,90,136,594,86,168,0,0,857,1764,0,818,156,0,767,61,2,1,2,8
645792,5,1,1,1,1,1,35337,2869,260,7127,464,0,0,0,0,0,1336,46,459,0,0,3407,1854,181,1253,50,24,0,31,4,1,1,3
645802,2,2,0,0,0,0,18755,2091,210,7702,1430,0,10,0,187,0,571,0,925,200,0,0,432,10,50,0,0,0,26,3,1,5,9
645812,2,0,1,1,0,0,6572,2366,105,681,454,0,0,0,0,0,382,54,250,0,0,0,570,8,0,0,75,0,28,4,2,4,7
645822,1,0,1,0,0,0,16065,2300,245,5457,315,26,0,0,0,0,1006,47,0,128,84,4508,332,32,0,163,0,0,70,3,1,4,8
645862,3,2,1,0,0,0,67257,8073,2090,11787,673,3363,1632,3223,538,78,1358,123,1996,0,0,9693,6215,5135,0,375,260,0,67,3,1,1,4
645882,1,0,1,0,0,0,36303,2499,880,10763,912,150,671,344,0,91,1809,235,390,435,6,2368,519,246,87,106,0,520,51,6,1,1,8
645902,2,1,1,0,0,0,14846,4498,375,2100,480,0,0,0,0,0,0,0,380,0,100,3181,154,154,0,192,0,0,77,6,1,2,1
645922,7,1,1,2,3,0,50468,6171,1253,10424,594,420,186,1074,0,348,3703,498,2792,0,0,9205,3667,1478,538,446,426,0,39,4,1,1,3
645962,2,1,1,0,0,0,27237,2860,503,10085,477,30,16,111,0,39,480,38,660,5,0,2947,211,69,38,145,0,0,58,6,1,1,1
645992,1,1,0,0,0,0,7165,2119,561,1300,300,0,0,0,0,0,0,0,0,0,378,538,0,0,0,15,0,286,75,2,1,2,8
646002,1,1,0,0,0,0,38067,2148,2615,10601,896,0,250,320,0,70,1821,275,735,806,135,643,3180,2669,0,415,0,0,41,6,1,4,8
646012,1,0,1,0,0,0,22040,1287,105,5400,321,0,15,0,0,30,359,84,1330,0,0,180,879,0,863,25,8397,0,35,6,1,4,8
646032,4,2,2,0,0,0,23794,2210,132,1500,0,0,0,0,0,0,90,90,1560,0,0,0,76,76,0,0,0,910,47,3,1,2,6
646042,5,1,2,1,1,0,106032,8255,1701,30672,1809,257,0,0,3400,70,2634,260,1955,12000,0,1880,1412,818,215,187,3000,0,56,5,4,1,4
646052,3,1,2,0,0,0,19303,6045,1200,7050,85,0,11,0,0,28,1092,115,0,0,630,0,646,124,65,91,90,325,44,2,1,4,9
646062,5,1,1,1,2,0,63934,6564,2611,16873,1159,1923,121,15,465,53,3820,371,2351,2827,15,3492,4006,1967,910,437,606,0,34,5,1,1,3
646072,1,0,1,0,0,0,16818,1670,605,4570,305,40,47,0,0,0,1440,201,600,0,0,2622,482,113,60,727,0,0,40,4,1,4,8
646082,5,0,3,0,2,0,11621,2779,0,6372,378,0,0,0,0,0,3,0,507,0,0,0,0,0,0,0,0,39,43,1,2,2,9
646092,5,1,1,1,1,1,40566,4556,2020,8894,930,210,25,0,0,70,638,60,2298,1315,0,877,640,418,7,26,1344,0,35,5,4,1,3
646102,4,1,1,0,1,1,14921,2886,345,3980,826,798,71,731,0,44,941,132,780,0,0,16,267,8,22,0,0,286,24,1,1,4,2
646132,2,1,1,0,0,0,15188,2556,471,735,772,57,0,284,0,0,628,44,1706,0,0,804,314,0,159,31,0,1183,50,3,1,1,9
646142,1,1,0,0,0,0,28087,457,4150,7559,597,34,0,0,0,0,1713,102,1390,301,0,2635,487,123,0,130,0,377,73,4,1,4,8
646152,1,0,1,0,0,0,21026,884,1620,1789,1630,208,495,106,0,63,1259,327,2580,375,0,1567,1121,554,0,61,0,325,30,5,1,2,8
646162,1,0,1,0,0,0,38907,5270,1940,9067,731,1130,75,2400,0,100,2298,352,259,184,0,2511,1952,616,280,267,0,0,59,3,1,1,8
646172,2,1,1,0,0,0,39727,2258,1739,8049,839,54,0,2886,54,13,1678,92,1526,0,0,923,1544,492,338,487,3897,0,28,4,1,1,1
646192,4,1,1,2,0,0,49794,4420,2410,14352,428,10045,0,100,0,0,1043,116,1575,0,243,2689,2005,475,561,642,20,1014,40,4,1,1,2
646202,2,1,1,0,0,0,49112,2994,1165,6255,563,170,31,600,0,20,835,259,1625,0,0,10305,2849,998,145,66,0,1079,46,3,1,1,1
646292,1,1,0,0,0,0,6886,1339,180,250,490,0,0,0,0,0,322,0,1126,0,54,1040,307,0,0,64,0,195,59,2,2,2,8
646302,3,1,1,1,0,0,31674,3406,1913,8138,1949,0,0,1700,285,20,256,50,1630,1121,0,1398,865,444,0,10,20,390,33,3,1,4,3
646312,2,1,1,0,0,0,25053,3185,2180,7100,420,0,730,420,0,201,1571,452,795,0,20,1765,1008,88,235,439,0,260,30,3,1,4,1
646332,1,1,0,0,0,0,23835,2464,2425,5372,492,72,0,0,774,0,1208,320,1498,72,0,353,1443,490,0,0,0,26,45,3,1,1,8
646352,4,0,1,1,2,0,12160,3055,210,2112,557,0,0,0,0,0,1164,463,840,0,0,143,886,10,400,0,0,780,31,4,1,4,7
646362,3,2,1,0,0,0,45640,3605,1643,3164,1135,36,70,80,0,20,1701,15,1440,960,0,6846,1813,1293,346,0,31,0,43,3,1,1,9
646412,1,0,1,0,0,0,7898,637,0,2760,5,0,0,0,0,0,148,0,184,0,0,2737,0,0,0,211,0,0,74,3,1,4,8
646432,3,2,1,0,0,0,107065,4892,5380,12649,1150,680,300,200,0,100,3763,169,2910,548,0,1772,8143,6723,0,334,6000,0,56,5,1,1,4
646442,5,3,2,0,0,0,58206,4402,930,7642,625,1,0,0,0,175,1735,185,3461,46,183,1248,2974,290,1591,571,450,442,48,5,1,1,5
646462,1,1,0,0,0,0,8270,1833,248,583,771,0,0,0,0,0,0,0,436,0,48,12,438,150,0,78,0,780,61,5,1,1,8
646472,5,1,1,2,1,0,69529,6617,3422,24938,690,593,145,342,0,50,3286,342,1102,707,0,2189,5426,1995,789,374,102,0,51,6,1,1,3
646522,2,0,2,0,0,0,25776,5085,369,6949,553,0,0,0,0,0,575,0,924,484,0,2824,726,172,248,30,427,0,48,3,1,1,9
646542,2,1,1,0,0,0,57742,1799,5349,9239,1386,0,210,0,166,194,474,60,3800,322,0,1455,26879,2314,4005,85,0,143,58,2,1,1,1
646552,5,1,3,1,0,0,18456,4940,315,0,815,0,0,600,0,0,4623,125,0,0,105,951,617,18,0,19,675,195,35,2,2,2,4
646592,2,1,1,0,0,0,53523,2120,1778,15542,1605,172,0,0,0,0,2942,0,860,0,1120,4090,2673,1658,0,758,0,0,51,6,1,1,1
646612,2,0,2,0,0,0,27514,3055,285,12633,595,100,0,0,0,0,1792,0,960,0,0,1727,666,265,350,150,0,481,71,5,1,1,9
646662,3,1,1,0,1,0,14089,2275,645,4191,308,130,42,210,0,0,503,120,120,0,465,1105,55,16,12,0,38,0,35,3,2,4,3
646672,1,0,1,0,0,0,7291,1173,66,2087,286,0,47,42,0,0,119,70,0,0,0,291,426,0,386,302,0,0,60,3,1,2,8
646682,1,1,0,0,0,0,4727,767,0,1800,30,54,0,0,0,0,112,36,0,0,78,0,235,20,0,0,0,0,27,4,2,4,8
646732,1,1,0,0,0,0,7319,2210,0,2220,437,0,0,0,0,0,0,0,240,0,0,35,0,0,0,0,0,78,69,2,1,4,8
646742,2,1,1,0,0,0,22650,3939,1250,5890,1070,0,0,0,0,213,2020,0,1009,0,0,2477,1522,1140,0,152,0,0,51,5,1,1,1
646762,1,1,0,0,0,0,8462,2353,270,2149,476,19,0,0,0,8,65,0,290,0,0,543,412,170,94,212,0,0,73,3,3,1,8
646772,3,0,1,1,1,0,14980,2405,660,7680,283,10,0,0,0,10,616,116,1260,0,0,172,338,40,100,0,0,0,30,2,4,4,7
646802,2,1,1,0,0,0,39085,4797,1625,8581,1088,0,28,299,0,40,1281,224,1724,450,0,3165,1545,951,0,186,0,78,34,3,1,4,1
646812,2,1,1,0,0,0,13627,2808,485,2025,413,0,0,0,0,36,152,0,785,558,0,1337,1390,228,0,118,0,689,66,3,1,2,1
646842,1,0,1,0,0,0,14998,1404,60,5834,590,120,0,0,0,0,208,0,428,0,0,1636,297,0,0,141,0,65,59,4,2,1,8
646852,1,1,0,0,0,0,29686,3084,1417,8642,1203,0,0,0,0,0,673,190,1375,0,0,372,522,93,0,112,0,0,41,6,1,1,8
646862,3,1,1,0,1,0,22750,3850,220,5677,2763,0,0,0,0,83,1624,96,560,0,120,516,157,68,5,78,1800,0,47,5,1,4,3
646882,4,0,3,0,1,0,25487,8213,75,6325,325,624,683,0,0,0,3063,105,436,0,570,267,693,0,0,39,0,169,48,3,2,4,9
646902,2,1,1,0,0,0,40127,1775,317,10602,554,0,0,0,0,0,283,24,2175,55,0,357,1540,919,72,281,0,0,50,4,1,1,1
646912,3,1,1,0,1,0,22844,2188,853,1803,1176,50,0,0,154,24,1458,242,1155,217,2445,1277,844,440,18,42,223,0,40,3,2,1,7
646932,1,0,1,0,0,0,7597,1027,495,4230,178,61,0,0,0,10,192,0,16,0,462,10,155,119,0,57,0,0,23,4,1,4,8
646952,3,0,2,0,1,0,19265,2688,700,6622,643,2,22,0,0,0,1066,91,531,0,0,1864,761,112,449,124,130,0,40,4,1,4,7
646972,1,1,0,0,0,0,14869,670,675,2400,435,0,0,0,105,0,334,115,380,0,0,520,1944,0,110,0,0,507,22,3,1,4,8
646982,5,1,1,1,2,0,33010,2899,1329,3332,395,199,409,0,0,104,1341,164,1184,0,0,2186,2190,960,856,447,198,390,44,3,1,2,3
647042,2,2,0,0,0,0,74958,5525,410,1700,2200,80,0,700,700,50,1272,0,2450,0,0,0,10675,30,200,85,0,39,22,3,1,2,9
647052,2,1,1,0,0,0,30320,8983,60,4969,404,0,0,0,0,0,122,104,0,0,180,3933,0,0,0,59,0,0,86,2,1,2,9
647062,2,1,1,0,0,0,16602,1690,240,3765,593,0,0,0,0,0,294,210,160,0,0,3277,1373,593,0,135,0,975,72,4,1,2,1
647072,2,1,1,0,0,0,36376,4456,1277,3548,1416,0,75,0,200,0,2598,323,1170,7062,0,1772,3285,1854,140,638,0,0,66,5,1,2,1
647082,1,0,1,0,0,0,16467,4384,828,6500,836,0,27,0,0,35,363,57,0,70,345,1278,315,215,100,39,0,0,69,3,1,4,8
647102,2,0,2,0,0,0,26946,2678,510,5285,325,0,14,0,0,0,238,52,1095,0,0,1999,731,210,0,0,3476,390,42,3,1,1,9
647112,4,1,1,2,0,0,26870,6409,811,6041,398,0,0,2500,106,0,1866,225,1235,0,0,2144,910,225,375,16,0,0,34,5,1,1,3
647142,2,1,1,0,0,0,33433,4745,2025,8730,506,0,65,107,0,226,1291,119,1255,0,60,350,4185,2877,165,185,577,0,29,5,1,4,9
647202,2,1,1,0,0,0,61134,2613,1043,8709,538,0,111,0,0,0,1612,71,1998,0,0,2098,1312,605,289,126,0,637,34,5,1,1,1
647222,2,0,2,0,0,0,20121,4420,485,5709,145,46,48,0,0,4,734,0,510,531,0,320,1214,90,480,450,0,754,62,5,1,2,9
647232,5,1,1,2,1,0,58389,4769,2990,10399,1701,656,249,0,0,219,2751,403,1187,0,0,3647,5281,1179,1007,315,110,0,31,5,1,1,3
647242,4,2,2,0,0,0,61594,2795,4215,5898,832,0,70,0,430,110,1460,225,2385,0,0,0,1919,85,391,18,1359,884,45,3,1,1,7
647252,2,1,1,0,0,0,24150,3250,225,4225,618,0,0,2100,0,130,1244,520,870,0,0,2558,1399,20,410,7,0,2145,45,3,1,4,1
647302,3,2,1,0,0,0,32594,4524,1608,2661,289,0,53,494,0,79,403,6,855,0,0,3111,371,46,80,933,0,0,64,2,1,2,4
647322,1,1,0,0,0,0,20177,1542,1078,4625,595,0,0,0,700,190,1032,0,810,0,0,480,1001,611,0,70,4160,0,26,6,3,4,8
647332,1,0,1,0,0,0,3133,637,0,0,194,0,0,0,0,0,0,0,0,0,0,415,0,0,0,0,0,0,83,3,1,2,8
647342,6,2,3,0,0,1,22330,6630,0,8400,1228,400,0,300,0,0,1575,0,0,0,2430,0,35,0,0,0,0,0,66,4,1,4,5
647352,2,2,0,0,0,0,16905,1976,1140,339,378,75,0,0,0,3,160,70,1462,0,0,1415,305,0,295,12,0,2041,50,2,1,2,9
647392,1,1,0,0,0,0,25053,5239,1125,7577,343,0,64,42,0,22,307,26,1158,0,0,305,1984,90,18,74,0,780,31,4,1,1,8
647402,1,1,0,0,0,0,10837,2626,84,2200,328,0,54,0,0,35,37,12,141,0,0,578,0,0,0,261,0,0,74,1,1,2,8
647422,1,1,0,0,0,0,20807,1313,138,168,0,0,0,0,0,54,121,0,687,0,0,30,86,0,0,18,0,208,47,1,1,4,8
647462,1,0,1,0,0,0,6647,2831,54,1999,32,0,22,0,0,0,179,18,0,0,45,149,12,0,12,5,0,143,52,3,1,2,8
647472,1,0,1,0,0,0,29696,1380,920,7800,1506,0,107,0,0,86,1427,42,650,364,0,1280,1425,343,350,650,975,0,34,5,1,4,8
647492,8,1,2,3,1,1,34457,8710,241,13262,460,600,0,0,0,0,189,0,607,0,450,242,500,100,355,19,610,416,32,3,1,1,5
647512,3,1,1,0,1,0,78286,5044,3449,6344,1572,0,175,2000,0,0,2375,175,3770,0,0,2535,3119,867,50,90,0,0,32,6,1,1,3
647532,1,0,1,0,0,0,21551,2548,830,5700,495,134,160,0,3040,30,620,0,0,180,231,582,1828,140,288,146,0,0,56,3,1,2,8
647562,2,0,2,0,0,0,26533,1865,1490,3242,1302,150,54,0,400,0,2318,550,1618,412,0,1954,1729,452,50,171,0,377,71,3,1,1,9
647572,2,1,1,0,0,0,52237,1235,418,15375,537,0,0,900,453,0,26,18,1265,0,0,2072,2189,30,0,24,0,0,57,3,1,1,1
647602,3,1,1,0,0,1,58745,3637,3057,12294,904,5670,0,83,0,10,3114,397,986,2493,0,2715,5180,2229,251,291,0,0,34,5,1,1,2
647622,3,2,1,0,0,0,19607,4030,450,1026,1726,240,18,0,0,0,286,99,618,908,0,917,1105,53,0,31,0,104,62,3,2,1,4
647632,3,1,2,0,0,0,25062,4160,700,3350,780,0,0,0,432,0,1050,0,1510,0,0,829,1045,230,202,204,0,390,55,3,1,2,4
647652,4,1,1,1,1,0,23823,5180,1099,836,975,0,20,0,0,0,1375,0,2570,0,0,2558,2478,714,1522,163,205,0,43,5,1,2,3
647682,5,1,1,2,1,0,108756,4460,4668,28533,1252,3523,900,0,0,0,5225,450,470,1250,0,1280,6628,3344,945,70,0,0,34,4,1,1,3
647692,2,1,1,0,0,0,12067,3835,315,1200,743,5,0,0,0,28,297,80,553,0,0,954,460,0,70,47,0,936,39,3,3,2,7
647722,3,1,0,1,1,0,28813,5395,420,10488,505,4300,30,0,0,0,1020,0,1044,0,0,200,1336,325,650,22,30,0,32,4,1,1,6
647742,1,0,1,0,0,0,17803,416,524,10800,496,0,12,300,0,0,224,85,70,0,495,2763,794,150,0,145,0,0,75,3,1,4,8
647752,1,1,0,0,0,0,35795,1068,1663,14208,428,67,0,780,191,0,2494,227,285,2510,621,473,2371,700,0,147,0,0,44,6,2,4,8
647772,6,2,1,1,2,0,20860,4693,630,7800,998,0,0,965,697,10,999,153,1026,0,48,294,529,45,40,24,40,182,29,1,1,4,5
647782,2,1,1,0,0,0,14307,2509,255,378,373,0,0,0,775,0,463,36,957,0,0,4120,259,0,0,23,0,0,63,3,1,1,1
647792,4,1,1,1,1,0,11991,3965,0,1034,774,600,0,0,0,0,433,220,750,0,0,160,0,0,0,0,0,0,36,1,1,1,9
647802,3,1,2,0,0,0,71409,9370,2577,5438,1821,0,0,0,0,12,3727,0,5680,650,0,6017,1332,947,0,30,1035,338,59,3,1,1,4
647812,4,2,1,0,1,0,74111,4605,2872,9212,601,383,79,157,0,50,2347,434,1534,1317,0,941,3277,1316,266,267,2630,0,41,3,1,1,3
647822,2,1,1,0,0,0,25916,2795,1230,4535,1119,192,0,1384,64,0,2659,0,321,0,0,1416,2811,130,913,280,0,0,59,3,1,1,1
647862,2,1,1,0,0,0,25914,2329,637,6660,835,5,20,40,0,17,307,21,833,0,0,45,462,212,35,140,7925,91,24,4,2,4,1
647872,3,1,1,0,1,0,14092,2132,0,8400,360,19,0,0,0,0,229,53,0,0,399,108,259,28,33,61,0,260,44,4,1,4,7
647892,4,3,1,0,0,0,24780,2675,1519,2851,648,0,191,1000,0,104,651,185,1354,0,0,2342,480,140,0,65,0,325,62,3,1,2,4
647902,2,1,1,0,0,0,43417,2244,2981,10040,623,0,17,150,0,45,1140,50,2279,3121,0,635,7420,2174,0,119,177,0,29,5,1,1,1
647912,2,1,1,0,0,0,12767,1950,432,600,570,257,20,0,0,0,59,0,475,0,0,5056,159,0,0,94,0,0,76,2,1,2,1
647932,4,1,1,1,1,0,43919,6268,1510,8184,386,481,436,1960,0,147,1507,194,1075,0,9,3808,1985,1001,86,185,2237,0,36,4,1,1,3
647942,3,1,1,0,1,0,28205,2965,1259,4812,493,0,70,157,0,0,1689,259,2120,0,0,1870,2895,1097,630,261,1728,0,30,4,1,1,3
647952,2,1,1,0,0,0,34075,2819,1335,11762,233,20,53,1601,0,0,636,42,481,400,0,655,418,321,0,84,0,0,28,4,1,1,1
648002,5,4,1,0,0,0,68173,6110,3514,10059,425,0,354,1061,0,98,6074,838,2247,488,0,4088,5848,3340,406,281,261,0,48,5,1,1,4
648012,2,1,1,0,0,0,28509,4555,1329,7151,859,0,100,0,0,0,610,9,1300,900,0,5381,263,0,150,125,0,65,57,3,1,1,1
648022,2,1,1,0,0,0,78760,6836,780,30213,481,298,55,315,0,86,2225,143,1516,419,0,1050,1890,155,567,606,82,0,43,6,1,1,1
648032,4,1,1,1,1,0,52329,4341,1275,12459,679,3378,84,105,128,0,1452,212,1599,938,0,2599,529,227,205,0,4223,0,46,4,2,1,3
648072,2,1,1,0,0,0,31858,3110,2655,7093,340,0,41,2932,208,746,1366,246,631,769,0,0,4120,1229,0,229,0,0,26,5,1,4,1
648082,3,1,1,1,0,0,54088,4842,2236,17274,551,50,124,52,0,67,2922,310,2068,1287,80,651,3024,620,215,546,1669,0,45,3,4,1,3
648122,1,0,1,0,0,0,6670,1625,0,920,297,20,12,0,0,0,102,35,0,0,0,1863,262,0,46,0,0,299,74,1,1,2,8
648142,1,1,0,0,0,0,29371,4095,1560,6595,944,0,1052,1000,0,40,2389,145,1761,0,0,397,1424,45,150,244,0,0,37,3,1,4,8
648162,3,1,2,0,0,0,30066,3120,378,2358,1260,150,168,261,0,30,479,37,645,0,0,10607,1775,147,850,620,169,975,75,6,1,2,4
648172,3,2,1,0,0,0,16554,4370,218,1378,650,0,0,0,100,0,0,0,967,116,0,2702,2400,305,0,59,0,0,74,2,1,2,4
648182,1,1,0,0,0,0,13866,910,1308,4743,248,42,36,0,0,51,645,50,320,12,25,0,844,747,0,86,0,0,32,5,1,4,8
648202,7,2,2,0,2,1,13806,1239,255,4322,747,360,0,0,0,0,57,0,1500,0,0,804,35,25,0,2,0,819,59,3,1,1,9
648222,5,1,1,3,0,0,40504,8840,494,5040,292,0,0,0,0,63,1400,21,777,0,0,1465,654,0,0,15,0,0,33,2,4,4,3
648232,5,1,3,0,1,0,49841,4498,1168,6014,1146,160,41,709,0,124,2159,259,3780,60,0,1041,4127,807,382,203,1208,520,38,3,1,1,4
648262,6,1,2,1,1,1,19729,4620,450,4278,1172,0,100,0,110,30,1763,150,542,1822,14,100,1063,17,85,20,0,325,28,3,1,2,9
648282,4,1,1,1,1,0,30881,4030,675,7006,295,0,0,0,0,0,737,210,1110,0,0,923,7515,17,6234,0,1025,1495,33,4,1,1,3
648302,3,2,1,0,0,0,35484,3283,1100,2818,1951,0,122,1190,1053,99,1112,129,1417,0,0,2794,1060,53,571,129,0,533,51,4,1,1,4
648332,2,1,1,0,0,0,11373,2535,20,3328,728,50,0,0,0,10,10,0,415,0,0,916,329,0,0,0,0,390,69,1,1,5,1
648342,2,0,2,0,0,0,10624,2089,81,250,319,0,0,0,0,0,70,0,0,0,0,3444,240,0,0,83,0,0,79,3,1,2,9
648362,1,0,1,0,0,0,7544,1261,141,2520,213,34,6,0,0,0,550,24,0,0,690,447,109,39,63,37,35,0,46,4,1,4,8
648372,4,2,2,0,0,0,49465,2447,1617,10055,929,0,45,107,0,70,1742,681,2537,70,0,4124,2149,1274,160,142,836,0,46,3,1,4,4
648382,2,1,1,0,0,0,12499,2951,291,1582,601,66,70,0,0,32,249,40,1167,0,30,915,364,0,145,134,0,169,63,3,1,1,1
648402,2,1,1,0,0,0,18316,2964,336,4108,1622,0,0,0,10,0,810,0,714,0,0,1129,402,12,0,37,0,312,51,2,1,1,1
648422,2,1,1,0,0,0,27963,5746,1552,5570,319,119,249,43,391,35,1821,206,757,0,0,834,1994,308,781,415,0,858,48,4,1,1,1
648432,2,1,1,0,0,0,31601,3991,675,7500,1668,60,335,2555,0,138,2418,324,1708,0,25,528,2036,195,170,42,0,728,44,3,1,4,1
648442,3,2,1,0,0,0,52243,2697,3165,5988,1345,0,523,400,0,40,2348,200,1699,0,0,1113,980,213,220,180,2270,182,48,6,1,1,3
648452,5,1,1,0,2,1,48927,5137,1033,6547,697,399,75,465,1200,0,1057,213,1245,0,0,5630,950,229,384,365,0,0,31,4,1,1,2
648462,3,1,1,1,0,0,42339,5040,1130,2272,1610,1357,425,50,0,22,558,78,1699,0,0,3379,1384,79,1028,312,31,1170,28,3,1,1,2
648532,3,1,1,1,0,0,34707,4531,569,1295,990,1100,134,400,720,52,937,156,3016,65,0,820,1178,255,134,59,18,0,38,1,1,1,3
648542,1,0,1,0,0,0,13034,1306,330,5508,0,0,0,293,844,0,556,30,758,298,0,759,525,0,0,0,0,0,52,3,2,5,8
648552,1,1,0,0,0,0,9452,1781,926,3408,486,15,0,0,0,26,573,0,0,0,442,607,19,0,0,34,0,286,43,3,2,4,8
648592,3,1,1,0,1,0,69461,6864,639,8432,1461,800,53,2606,632,51,2304,21,776,0,127,3570,6547,1132,1171,388,70,0,42,5,1,1,2
648602,2,2,0,0,0,0,64335,4361,5248,10963,420,93,0,0,0,32,535,35,1604,573,0,346,2027,1269,121,355,750,910,49,6,1,1,6
648612,1,1,0,0,0,0,9964,1365,84,1411,333,0,0,0,0,0,25,25,450,0,0,2432,450,0,0,0,0,0,88,1,1,2,8
648632,3,2,1,0,0,0,8993,1794,279,520,207,0,0,0,0,0,31,31,681,0,0,1268,40,0,0,0,0,0,43,1,1,2,6
648642,1,0,1,0,0,0,11217,1794,136,1421,388,58,47,0,75,94,872,50,615,294,0,1985,89,89,0,25,0,0,66,3,1,2,8
648662,5,2,1,2,0,0,116262,8810,2524,39680,1330,0,187,990,0,0,4284,510,2824,1823,0,2647,2726,1230,605,325,11331,0,47,6,1,1,3
648672,6,3,1,0,2,0,16693,2405,1019,3633,454,0,10,0,0,0,1274,58,1316,0,0,29,499,34,10,20,187,0,36,2,1,1,4
648682,1,1,0,0,0,0,28622,1131,1551,5592,6602,94,23,0,0,72,1221,238,669,635,0,30,1457,210,40,749,245,0,31,6,4,4,8
648712,2,1,1,0,0,0,35251,2080,755,6988,687,57,10,159,0,0,322,72,1185,510,0,747,2291,724,713,129,0,0,31,5,1,1,1
648722,1,0,1,0,0,0,8587,1143,367,3825,289,0,0,0,0,0,349,25,566,0,0,884,409,31,18,20,0,0,64,3,1,4,8
648732,2,1,1,0,0,0,28414,2458,675,9957,398,0,0,45,0,57,968,125,785,0,0,1265,1517,79,475,121,525,0,40,4,2,1,1
648742,2,1,1,0,0,0,15552,3730,375,1918,470,0,170,0,0,0,547,75,839,0,0,3301,257,0,0,124,0,0,82,2,1,2,9
648752,5,2,3,0,0,0,49460,8170,2583,5690,1044,360,150,0,0,0,1839,30,2750,0,0,5,2190,998,100,270,1200,1027,45,3,1,1,4
648762,2,1,1,0,0,0,57721,4160,2451,14184,1258,69,622,0,0,177,1822,95,1980,440,0,799,5127,2079,1167,280,0,0,36,5,1,1,1
648782,2,2,0,0,0,0,16398,1690,720,1550,367,110,43,0,359,0,1969,0,795,0,0,1510,473,0,35,0,0,455,59,1,2,2,9
648792,5,1,2,2,0,0,20597,3250,210,2290,717,0,307,233,0,112,376,158,673,0,0,2408,327,0,0,87,0,260,51,3,2,4,5
648802,5,1,1,1,2,0,28592,3525,401,3972,749,10,84,90,0,46,849,83,2630,0,0,2869,717,83,404,80,20,0,28,3,1,1,3
648812,2,0,1,0,1,0,13795,2212,1,6558,1292,0,0,0,0,26,363,77,0,300,335,0,117,0,100,20,10,1768,32,2,1,4,7
648822,2,1,1,0,0,0,19534,3910,1400,1399,249,740,0,0,0,0,398,0,1299,806,0,3252,910,115,0,110,0,0,77,3,1,1,1
648852,2,1,1,0,0,0,37065,5890,750,6429,318,0,0,0,0,19,634,78,1468,0,0,1367,909,62,506,127,14,442,60,3,1,1,1
648872,5,1,2,1,1,0,22847,4590,1208,7134,901,140,275,0,0,40,2056,271,1444,0,0,-999999,920,30,823,190,61,1248,67,6,1,1,5
648902,3,1,0,2,0,0,10679,3419,75,5100,576,0,0,0,0,0,227,26,150,0,69,0,373,10,0,0,0,0,41,4,4,4,6
648912,2,1,1,0,0,0,37552,2600,4048,1698,340,0,163,0,0,0,1421,103,1130,3285,0,3457,2102,1471,245,493,0,0,73,3,1,2,1
648922,6,1,2,0,3,0,63611,5205,1612,5992,1415,2735,119,45,350,40,3350,503,2821,0,375,4,2805,777,1118,324,177,975,38,4,2,1,3
648932,2,1,1,0,0,0,12023,2405,36,763,270,0,0,0,0,22,80,0,73,0,0,5440,42,0,0,190,0,0,83,2,1,2,1
648942,1,0,1,0,0,0,19659,2298,737,6034,380,246,0,550,600,80,825,100,555,240,0,904,1350,598,50,100,0,0,55,3,1,1,8
648952,3,1,1,0,1,0,16040,3965,530,3251,624,0,12,0,0,10,894,94,1498,0,0,70,632,5,317,17,77,0,50,2,1,1,3
648962,4,1,1,1,1,0,63519,5325,1733,7980,432,130,266,0,0,142,3037,200,900,44,0,3052,3811,1186,587,221,75,0,48,6,1,1,3
648972,3,2,1,0,0,0,56897,2710,1029,4816,432,0,0,262,0,47,1697,151,1767,2360,0,462,2069,488,246,249,0,260,50,4,1,1,4
648982,2,1,1,0,0,0,55381,4804,16495,11266,602,230,0,1394,420,100,1614,240,1219,0,0,890,1018,240,100,205,260,0,33,3,1,1,1
649002,3,1,1,1,0,0,44055,4457,2515,9369,641,40,52,0,0,70,7017,0,1472,1876,0,2315,3260,1472,520,48,50,0,32,5,1,1,3
649012,4,2,2,0,0,0,65130,7670,1375,4527,2659,0,319,972,810,278,8198,1367,1085,111,2760,5198,3804,494,20,232,1260,0,45,5,2,1,9
649022,2,1,1,0,0,0,8251,1391,0,660,195,0,0,0,0,0,128,20,380,0,0,1706,536,21,8,20,0,0,65,5,1,2,1
649032,1,0,1,0,0,0,4857,1599,0,918,291,0,0,84,0,0,0,0,0,0,0,555,288,0,0,108,0,0,81,3,1,4,8
649062,3,0,2,1,0,0,6225,4589,30,340,376,0,0,0,0,0,0,0,0,0,180,0,4,4,0,0,0,78,41,4,2,2,9
649072,3,1,1,0,1,0,74197,5716,1410,11327,580,110,69,0,190,120,2412,494,1099,1270,0,1958,4224,2661,540,551,0,0,47,6,1,1,3
649082,4,1,1,0,2,0,20986,3510,910,5037,540,135,0,0,0,0,319,80,250,0,0,1010,3899,250,320,0,225,0,27,3,1,1,3
649122,2,1,1,0,0,0,47412,4785,2975,1826,839,161,52,530,0,0,1199,45,2435,0,0,616,877,0,253,497,0,1261,54,3,1,2,1
649162,3,1,1,0,1,0,35014,3900,639,4035,922,1425,94,0,450,0,1375,179,3120,106,0,4281,1233,42,431,143,0,0,69,4,1,2,5
649172,3,1,1,1,0,0,39263,3926,811,928,320,660,165,37,84,116,3823,319,1249,15,0,1687,1887,78,501,192,0,520,37,3,1,2,2
649212,1,0,1,0,0,0,19486,1560,2370,2619,403,2408,45,52,531,23,663,44,1132,0,0,696,3200,423,1438,249,0,0,58,6,1,1,8
649242,3,1,1,0,1,0,22648,1775,1040,4231,597,258,10,0,645,0,383,86,1221,0,0,80,1020,125,155,69,0,728,27,3,1,1,9
649272,4,0,1,0,3,0,7826,2795,246,1827,421,0,55,0,0,150,894,149,30,0,63,0,372,25,134,0,90,0,32,2,1,1,7
649282,7,1,3,2,1,0,52697,7645,4048,9177,602,310,327,5588,0,0,1367,56,1390,952,0,3611,3118,1825,311,222,597,0,43,5,1,1,5
649292,2,1,1,0,0,0,9196,1365,50,916,409,180,0,0,0,0,93,20,297,0,0,3717,259,0,37,96,0,0,80,1,1,2,1
649322,3,2,1,0,0,0,31890,2496,395,9921,712,600,0,0,0,0,1649,80,700,3562,9,1219,2384,1266,105,336,356,52,49,4,2,1,9
649352,2,1,1,0,0,0,8836,2756,0,686,645,0,0,0,400,0,25,25,593,239,0,543,314,0,0,9,0,0,69,5,1,2,1
649362,1,0,1,0,0,0,62723,8325,1880,7918,4890,1744,286,15,1683,21,2711,156,473,784,0,1933,3326,460,817,640,122,0,50,4,1,4,8
649382,1,1,0,0,0,0,60814,2548,1155,20455,594,192,3805,2416,0,0,1802,101,871,178,37,3406,3268,2416,0,200,0,0,35,6,1,1,8
649422,3,1,1,0,1,0,42018,3445,3855,5769,982,0,0,1100,0,40,1042,238,1012,0,0,49,1415,1052,0,5,0,0,38,3,1,1,3
649462,2,1,1,0,0,0,20671,3900,2319,3325,635,0,9,0,0,20,474,25,1760,0,0,3379,113,0,30,0,0,819,50,2,1,1,1
649522,2,1,1,0,0,0,7444,1560,0,1634,316,0,0,0,0,0,0,0,116,0,0,1906,0,0,0,36,0,702,84,3,1,2,9
649552,2,1,1,0,0,0,21584,1950,1234,5259,1293,75,0,0,0,0,671,40,410,0,0,3123,440,140,0,71,0,169,85,1,1,4,9
649572,1,1,0,0,0,0,13213,2002,50,3114,342,0,0,0,0,0,178,66,550,0,0,1482,728,3,400,193,0,0,73,3,1,2,8
649582,3,1,1,1,0,0,23959,4355,0,4259,686,3078,0,0,0,0,189,17,1417,0,0,3072,502,61,0,1,0,0,39,3,1,1,2
649602,2,1,1,0,0,0,16394,2080,930,344,0,0,0,0,0,0,229,93,1020,0,0,435,0,0,0,0,0,1105,27,2,1,1,1
649612,2,1,1,0,0,0,21742,2288,480,6135,765,18,32,0,0,0,988,55,882,0,0,1142,415,0,0,156,0,364,24,3,1,4,1
649622,5,2,2,0,1,0,71587,7007,2619,16911,996,0,105,70,0,38,3288,448,5676,1066,123,2900,5788,3426,504,402,214,234,45,4,1,1,5
649632,3,1,2,0,0,0,16866,3445,45,2000,356,0,26,0,0,0,396,113,2040,0,0,2205,1899,0,30,0,160,0,74,1,1,2,4
649652,4,1,2,1,0,0,63788,3899,2724,14054,508,825,70,2854,0,10,2832,243,1877,10,0,1656,2834,1005,287,325,1970,0,47,5,1,1,3
649692,3,2,1,0,0,0,39375,2444,916,6916,2060,47,119,1454,265,10,1632,225,2285,0,0,3550,1340,545,39,197,210,0,48,6,1,1,3
649702,2,1,1,0,0,0,37087,3746,950,9972,676,280,355,121,0,5,1167,55,2211,4700,6,3699,3408,1941,312,249,25,0,65,5,1,1,1
649712,5,1,1,0,3,0,9370,4212,105,3138,160,0,0,0,0,0,339,45,338,0,0,0,30,0,30,0,0,0,41,1,1,4,3
649722,5,1,1,1,2,0,37440,2600,1296,3150,1285,1600,0,0,700,31,1125,0,730,0,0,4435,1085,270,400,0,1800,0,32,3,1,4,3
649742,1,1,0,0,0,0,10666,4745,180,4260,320,0,0,0,0,0,74,40,0,0,0,0,13,11,0,13,0,351,38,3,1,4,8
649752,7,1,1,2,2,1,60304,5310,1371,8569,1398,325,60,0,1600,0,3481,822,1233,54,0,2203,18516,700,2652,184,81,897,35,4,1,1,5
649782,3,1,1,0,1,0,34391,4745,255,7200,703,3186,0,0,1500,0,432,96,1030,0,0,4678,1235,375,317,39,0,1482,45,3,1,4,5
649792,5,2,1,0,2,0,55988,6395,3720,7061,1115,400,268,0,477,144,2559,284,2499,0,20,3901,3207,545,772,385,170,1274,48,4,1,1,3
649802,2,0,1,1,0,0,9921,2704,294,3100,333,5,0,0,0,0,155,0,840,0,0,193,60,0,60,0,0,0,28,3,1,4,7
649852,1,0,1,0,0,0,11709,312,0,8892,240,22,0,0,0,0,268,0,0,0,0,717,213,0,0,138,0,0,84,3,1,4,8
649862,2,1,1,0,0,0,69198,7344,3930,3694,539,2806,196,2749,1100,460,10554,342,1204,2072,0,2639,6984,1507,712,605,0,1885,51,4,1,2,9
649882,7,5,1,0,1,0,49491,11114,1080,8103,762,1424,53,74,1663,151,4996,434,1001,2356,582,3854,3186,1170,593,342,73,0,66,4,1,1,5
649892,2,1,1,0,0,0,39201,4566,775,9379,529,346,4,0,223,0,660,165,643,4005,68,2644,4269,4034,0,364,373,0,74,4,4,1,1
649902,4,1,1,1,0,1,10065,3068,105,4905,261,0,80,0,0,0,783,4,0,0,126,1,68,0,0,20,0,0,27,3,1,4,9
649932,4,1,2,0,1,0,32063,4442,953,7283,352,4,0,0,0,0,930,222,1150,7,0,3266,1262,703,0,171,8,0,49,5,1,1,3
649942,2,1,1,0,0,0,10380,2080,150,3506,489,140,0,0,0,0,166,84,975,0,0,316,32,0,0,99,0,0,42,4,1,1,9
649962,2,1,1,0,0,0,18818,6110,1290,1425,832,0,0,0,0,0,685,0,0,0,1328,3614,0,0,0,0,0,286,88,2,1,2,9
649992,3,1,2,0,0,0,35576,4835,1275,3780,1145,0,205,0,0,0,1399,0,1965,600,0,5347,2354,539,1087,279,1032,0,46,4,1,1,4
650002,1,1,0,0,0,0,15695,810,1200,6000,288,0,0,0,75,0,0,0,440,0,0,2585,483,0,0,21,0,858,53,3,1,4,8
650022,1,1,0,0,0,0,30336,1687,2398,8202,667,42,10,0,81,58,441,37,664,478,0,3761,967,0,169,225,0,533,50,1,1,1,8
650032,4,1,2,0,1,0,74993,5801,3062,13925,1036,108,60,276,0,267,3354,350,2172,229,495,1671,2484,761,846,463,50,0,46,6,1,1,4
650062,3,2,1,0,0,0,48089,4485,3703,7678,1974,12,640,1200,0,40,1109,20,3355,89,0,1217,2189,640,330,200,1350,572,68,4,1,2,4
650072,1,0,1,0,0,0,24255,2413,330,1314,261,0,0,0,0,0,855,106,483,0,0,3983,992,239,200,77,0,0,82,4,1,1,8
650092,6,2,2,1,1,0,56063,7225,6151,6803,775,1188,32,0,0,0,3571,452,2552,904,0,2109,2828,1132,815,568,0,598,64,4,1,2,5
650102,3,0,2,0,1,0,11932,3159,0,4350,389,0,0,0,0,0,222,3,0,0,1635,10,0,0,0,21,0,0,50,2,2,4,7
650142,1,1,0,0,0,0,23251,2015,660,3293,664,0,0,0,229,0,734,0,1200,0,0,133,369,125,101,38,0,260,23,4,1,4,8
650162,1,0,1,0,0,0,9537,1521,504,2370,244,1732,0,0,0,0,131,0,0,0,0,2284,0,0,0,80,0,0,90,3,1,4,8
650172,1,1,0,0,0,0,7757,1820,0,1341,186,35,0,0,0,133,365,103,0,0,6,743,97,0,0,206,0,949,66,2,1,4,8
650182,2,1,1,0,0,0,67473,3328,440,9540,457,0,0,0,63,0,1552,20,1045,0,0,175,34722,0,48,51,0,0,53,4,2,1,1
650202,2,1,1,0,0,0,44949,2444,1086,16832,667,950,30,208,127,139,934,219,1865,73,0,4071,1283,553,343,247,0,1326,32,5,1,1,1
650212,3,1,1,1,0,0,11842,3445,80,37,277,0,0,0,0,0,75,0,294,0,0,347,561,0,0,0,115,234,52,3,2,2,3
650232,1,0,1,0,0,0,12681,2054,0,4429,361,0,0,0,392,79,114,0,42,0,0,2593,508,0,213,54,0,221,76,3,1,2,8
650242,5,1,2,0,2,0,36156,5826,638,800,1262,0,148,0,0,13,922,71,830,0,200,1474,1322,180,590,135,0,1118,74,2,1,2,9
650272,2,1,1,0,0,0,71957,5108,4122,25668,1373,0,0,0,0,55,3577,650,950,2206,60,460,4699,2520,1488,1381,0,0,52,6,1,2,1
650292,1,1,0,0,0,0,37576,1583,1565,4948,797,0,0,0,0,0,1747,0,1061,486,0,487,1142,504,20,82,400,0,21,4,1,4,8
650302,4,1,1,1,1,0,36120,4355,2330,890,621,55,214,700,0,60,994,323,1616,0,0,608,1167,195,331,181,75,0,37,5,1,2,3
650312,6,2,1,1,2,0,53232,8343,4191,8847,446,24,33,0,204,82,5831,879,365,4364,0,916,2874,825,550,193,170,0,43,6,1,1,3
650322,3,0,1,1,1,0,6743,3211,6,1615,0,150,0,0,0,0,175,0,120,0,0,161,126,0,0,10,0,0,34,4,2,4,7
650342,3,0,2,0,1,0,36142,4497,0,6000,415,3726,0,600,450,0,600,0,1873,0,0,1021,1170,0,150,0,0,0,40,5,1,4,9
650352,6,3,2,1,0,0,62565,11584,1737,5424,1526,4101,99,0,0,120,3249,574,2726,878,282,7219,3347,1424,455,398,800,0,70,4,1,1,5
650362,4,1,1,0,1,1,49525,5805,170,16721,1285,1195,90,0,0,31,2313,78,660,0,0,2498,1298,30,420,323,0,0,30,6,1,1,2
650372,2,1,1,0,0,0,33161,5759,648,11678,349,27,0,525,537,62,616,26,252,0,0,7002,1030,660,20,56,0,754,69,4,1,1,1
650412,1,1,0,0,0,0,28272,1650,1125,10417,1051,0,0,250,310,0,378,33,294,254,0,0,610,286,0,54,0,156,48,4,1,4,8
650422,1,0,1,0,0,0,24179,2020,645,9554,1295,0,0,0,0,28,890,110,495,0,0,2158,2210,1319,384,57,0,0,76,3,1,1,8
650442,1,1,0,0,0,0,15227,3933,1130,752,1354,5,0,0,0,15,125,15,696,0,0,1667,564,180,26,179,0,0,72,2,1,2,8
650452,6,1,2,1,2,0,46151,6344,1602,12454,922,2471,159,0,900,0,3458,235,1895,0,0,302,1790,100,250,26,2500,0,37,3,2,1,5
650462,1,0,1,0,0,0,32764,2011,1005,1622,1097,0,8,19,552,0,301,63,660,700,0,564,1526,108,89,188,0,273,37,3,1,2,8
650472,3,1,2,0,0,0,32374,4586,2340,6610,1685,0,60,800,316,100,1379,278,2520,1100,0,264,50,0,0,0,0,0,60,1,1,1,4
650492,3,1,1,0,1,0,22462,3593,1520,1311,662,0,66,0,15,18,2928,389,1110,98,0,420,2194,644,0,162,1255,0,39,4,2,2,7
650502,2,1,1,0,0,0,9593,3575,770,1200,337,0,0,0,400,0,0,0,965,0,0,60,350,69,0,0,0,0,57,6,1,2,1
650512,1,0,1,0,0,0,9442,3055,105,3912,581,0,15,0,0,0,108,0,0,0,150,570,0,0,0,23,0,0,73,3,2,4,8
650522,4,0,1,2,1,0,13202,7144,120,1656,992,0,16,0,650,0,857,0,0,0,677,26,280,130,50,0,0,0,35,2,1,4,7
650542,4,1,1,0,2,0,24634,4030,962,5570,324,0,103,120,165,35,1116,200,540,72,0,2282,2061,279,119,363,176,962,39,5,1,1,3
650602,3,1,1,1,0,0,35284,2928,2361,3131,1604,0,189,464,137,152,438,89,792,0,0,3952,1181,95,175,25,900,741,42,3,1,1,3
650612,4,2,1,0,1,0,44800,5655,263,11659,939,75,122,134,0,100,1682,353,1300,213,0,5851,1158,62,631,99,12,1105,38,3,1,4,4
650632,2,0,2,0,0,0,11044,2093,111,1730,397,375,154,0,0,139,174,0,20,0,0,999,952,65,505,241,0,1170,73,2,1,2,9
650652,3,1,2,0,0,0,45655,4953,3636,11605,1052,200,119,288,0,283,2455,50,1499,94,0,588,1176,378,459,291,1008,0,45,4,1,1,4
650722,1,0,1,0,0,0,5502,2379,0,1312,323,0,0,140,200,54,95,5,0,0,180,415,230,0,30,17,0,0,66,1,1,4,8
650732,4,1,1,1,1,0,18124,4134,845,1019,1241,113,0,0,50,0,767,124,838,0,0,2040,1738,167,880,101,263,520,33,2,1,2,3
650752,1,1,0,0,0,0,18007,2015,507,4184,607,136,0,0,94,0,633,24,595,0,0,618,888,266,15,173,0,884,61,3,2,1,8
650762,4,1,1,1,1,0,39303,5135,2040,8998,316,3085,85,0,0,191,3374,795,2160,0,0,150,1973,399,310,236,0,0,38,3,1,1,3
650782,2,1,1,0,0,0,14012,1859,78,4109,1304,0,0,0,0,0,56,0,746,0,0,0,716,12,0,0,0,195,51,2,2,1,1
650792,2,1,1,0,0,0,26558,3865,1547,4512,1305,777,40,32,0,0,1312,86,572,0,0,1270,1469,129,880,222,0,0,69,3,1,2,1
650812,3,2,1,0,0,0,10926,2470,60,960,240,0,0,0,0,0,522,0,1125,0,0,1356,0,0,0,191,0,0,75,3,1,2,4
650862,2,1,1,0,0,0,25389,2753,735,1866,474,0,153,2049,1400,21,1002,89,1824,227,0,1323,2325,1025,75,390,0,143,66,3,1,2,9
650892,1,0,1,0,0,0,16447,3187,1430,4013,198,560,0,51,0,0,776,121,785,428,0,1240,592,199,0,170,0,0,75,3,1,2,8
650912,1,1,0,0,0,0,8720,2249,195,780,14,50,112,212,0,49,560,36,399,0,0,2258,0,0,0,4,0,364,72,1,1,4,8
650922,1,0,1,0,0,0,12977,2080,1125,877,296,0,47,0,0,191,851,169,560,0,51,0,723,0,459,48,0,286,50,2,1,1,8
650932,1,0,1,0,0,0,12942,1690,225,5080,324,9,2,1365,0,0,78,21,445,0,0,0,676,13,363,47,0,494,43,5,1,4,8
650942,5,1,1,2,1,0,25020,4603,1262,2769,577,100,101,485,1380,15,2102,192,1202,0,0,1595,1605,93,558,247,0,273,27,4,1,1,3
650952,1,0,1,0,0,0,6430,1514,299,1061,536,0,7,0,0,44,86,31,120,0,0,814,313,50,58,71,0,0,66,6,1,2,8
650962,5,1,1,2,1,0,18919,3808,543,1390,350,2,8,0,140,10,1276,321,1401,0,0,2586,1128,148,105,178,79,195,63,3,1,1,3
650972,1,1,0,0,0,0,24916,1385,560,4630,328,0,0,0,0,0,355,210,190,0,0,1221,2615,2395,0,0,400,65,46,5,1,4,8
650992,2,1,1,0,0,0,55667,3458,1104,8561,599,0,0,879,0,372,1003,180,1329,0,0,1106,598,10,15,66,0,1807,47,3,1,1,9
651052,5,1,1,2,0,1,51081,4345,2535,12081,1531,615,0,0,0,0,4683,652,660,500,0,1000,4940,1283,602,279,20,130,35,5,1,1,3
651072,2,1,1,0,0,0,99834,4052,6935,20775,620,32,760,0,0,431,15156,0,195,15666,0,3879,12211,5658,0,539,0,0,44,5,1,1,1
651082,4,2,1,0,1,0,31840,8912,810,7756,503,0,60,1100,0,55,1359,374,963,93,0,2643,2631,1066,421,364,80,130,31,3,1,1,3
651102,3,1,2,0,0,0,147498,5979,4248,59019,940,742,378,5050,375,224,1503,333,2063,0,0,5571,4351,639,1549,230,1500,312,37,3,1,1,4
651122,7,2,2,2,0,1,27913,2979,638,625,848,0,0,0,235,0,2936,267,1384,0,0,1325,785,40,125,9,0,0,49,2,2,2,5
651132,2,1,1,0,0,0,40044,2349,1154,10526,574,15,200,2100,0,223,859,0,1490,460,0,2380,570,180,0,186,0,0,55,3,1,1,1
651152,2,1,1,0,0,0,24278,3484,510,5572,818,882,0,0,0,0,576,0,520,0,1780,4512,756,456,0,298,0,0,79,3,1,4,1
651162,1,0,1,0,0,0,41614,995,770,9974,667,0,515,19,0,219,1111,100,1020,230,0,3247,2535,175,1441,231,80,0,31,4,1,4,8
651182,4,1,1,0,0,2,50038,4264,3335,11918,1759,143,110,1653,150,364,2762,255,1755,0,0,2000,3197,271,394,232,0,0,30,5,1,4,2
651192,3,2,1,0,0,0,54307,4684,1081,8686,911,56,80,0,1432,22,1157,99,2146,630,0,1712,2493,1330,454,38,0,1898,48,3,1,1,4
651202,4,1,1,1,1,0,27598,4436,535,5160,1141,2022,63,156,0,0,545,217,1683,0,0,2174,790,6,180,37,54,1586,41,3,1,4,9
651212,1,0,1,0,0,0,18022,2119,183,2467,1470,84,38,0,0,0,735,0,480,0,0,3731,634,0,0,261,0,0,62,3,1,1,8
651222,5,2,2,1,0,0,34789,5935,1409,4143,881,0,75,0,0,0,1589,135,1332,181,0,2756,1597,378,10,192,254,702,48,3,1,1,4
651242,1,1,0,0,0,0,24503,2730,150,8293,480,460,0,0,0,0,80,0,465,0,0,2925,467,0,0,120,0,0,82,3,1,1,8
651262,4,2,1,1,0,0,51856,5900,2175,12046,921,4304,111,68,0,90,2827,362,1728,298,0,2966,1369,349,115,413,2655,0,44,5,1,4,3
651282,1,1,0,0,0,0,12160,1833,795,2400,261,30,0,0,0,0,1428,68,0,0,105,2394,612,44,0,3,0,442,68,2,2,4,8
651302,2,0,2,0,0,0,19107,1690,678,1154,897,0,10,0,0,20,2910,251,860,0,0,3135,293,26,75,78,147,0,50,3,1,2,7
651312,6,1,1,1,3,0,40845,3415,2769,7711,1712,34,81,0,12,53,2123,467,2782,78,0,4027,4162,1173,165,239,157,0,33,4,1,1,3
651332,1,1,0,0,0,0,46171,2301,1180,3020,300,14496,0,0,0,0,850,355,1010,0,0,1340,1270,920,0,141,0,0,53,3,1,2,8
651362,2,1,1,0,0,0,66460,3835,1260,4494,527,456,204,0,0,132,1958,20,1773,180,0,1692,36185,29175,0,393,0,0,65,6,1,2,1
651392,2,1,1,0,0,0,22241,2665,1130,3680,563,0,0,0,351,0,686,42,30,0,803,4967,302,85,146,64,0,1443,56,1,1,4,1
651422,1,1,0,0,0,0,15245,1052,328,2286,262,0,0,0,0,0,80,0,1328,0,0,1275,562,0,0,44,0,572,61,3,1,1,8
651432,4,1,3,0,0,0,10925,3510,30,42,0,0,0,0,0,0,0,0,1200,0,0,1738,384,0,0,0,0,780,51,3,1,2,4
651442,2,1,1,0,0,0,17671,2214,980,5354,378,378,0,0,200,0,159,0,869,0,0,3850,744,282,0,38,0,0,84,3,1,2,1
651462,1,0,1,0,0,0,5666,650,0,2760,137,0,0,0,0,0,148,0,110,0,0,1553,0,0,0,0,0,0,85,1,1,4,8
651472,2,1,1,0,0,0,25305,2236,321,1669,348,229,73,1400,313,370,888,60,719,638,0,3960,410,138,0,155,0,0,83,6,1,2,1
651502,1,1,0,0,0,0,9394,1820,240,4200,256,0,0,0,0,0,0,0,229,0,0,0,62,0,0,0,0,0,37,3,1,4,8
651512,1,0,1,0,0,0,20357,2353,419,4270,215,1240,0,0,350,70,635,74,462,985,0,3744,755,264,451,156,0,0,75,4,1,2,8
651522,4,1,1,2,0,0,32948,6045,1281,12940,336,2400,12,180,1200,0,680,121,1423,0,0,1595,912,30,420,104,40,0,41,4,4,5,3
651532,1,0,1,0,0,0,7942,793,195,2042,224,206,0,0,0,0,228,88,332,0,0,2783,81,0,0,23,0,0,90,1,1,4,8
651542,2,1,1,0,0,0,14555,1443,573,3835,646,0,0,0,0,0,102,60,315,0,0,3079,30,0,30,0,0,0,71,2,1,2,1
651562,7,0,3,1,2,1,24012,5236,1116,3770,555,114,67,0,0,70,2551,40,1557,0,0,20,757,170,25,156,55,0,36,2,1,4,9
651582,3,1,1,0,0,1,25235,3200,810,5849,555,298,52,264,208,155,4169,0,730,0,102,1303,993,198,170,110,0,0,40,6,4,1,2
651592,1,0,1,0,0,0,17292,1768,57,4584,1005,252,378,295,0,50,1208,45,369,0,0,622,390,27,246,613,0,0,71,3,1,2,8
651602,2,1,1,0,0,0,81646,2714,1330,10371,270,0,0,100,0,150,1152,59,1233,280,0,6250,2548,703,0,0,0,910,39,5,1,1,9
651612,2,1,1,0,0,0,46737,3765,1262,3540,752,0,196,0,0,93,2181,78,572,487,0,4785,1356,531,165,0,0,416,66,3,1,2,1
651622,2,1,1,0,0,0,15012,1950,525,1398,1802,0,0,0,500,0,228,40,590,150,0,2120,50,50,0,0,0,416,42,3,1,2,9
651632,4,1,1,1,1,0,49861,5565,1742,9750,1169,305,65,1640,1289,55,1861,433,1480,1643,90,1258,2937,2276,260,242,1662,39,35,5,1,1,3
651642,3,1,0,1,1,0,10012,2539,389,490,492,0,65,105,0,0,906,164,1175,0,0,464,1401,415,239,284,25,0,40,4,1,2,6
651652,4,2,2,0,0,0,15076,2739,795,2945,102,0,6,0,0,8,205,0,1781,0,0,70,623,200,50,18,0,520,22,2,1,4,5
651662,3,0,1,0,2,0,7693,3185,360,600,310,0,0,0,0,0,662,146,670,0,0,0,432,10,100,27,40,0,26,2,1,2,7
651682,1,0,1,0,0,0,18513,3259,128,4720,385,0,0,0,0,0,833,191,632,0,0,112,460,0,0,62,0,923,34,4,1,1,8
651692,2,1,1,0,0,0,46293,5066,3091,5696,522,0,80,0,264,163,2074,177,1790,4542,0,363,5190,2662,635,263,779,702,50,3,1,1,1
651702,5,1,1,2,1,0,50770,5109,3662,12432,1887,50,343,105,0,250,1972,250,860,0,0,1995,3073,621,470,640,527,1040,42,3,1,4,3
651712,3,2,1,0,0,0,36122,2205,508,3406,323,10,0,0,0,20,197,0,725,0,0,290,521,2,258,50,0,910,51,2,1,1,4
651722,2,1,1,0,0,0,25598,3133,975,10296,472,191,0,5,0,20,420,81,485,0,0,2486,3217,2893,0,175,0,0,84,6,1,2,1
651742,1,1,0,0,0,0,8633,1454,658,2145,74,0,0,0,0,0,952,106,321,315,0,69,854,461,0,99,367,0,23,4,1,4,8
651772,3,3,0,0,0,0,15568,2350,435,3850,1512,0,0,170,0,30,733,230,1060,0,0,151,793,45,180,70,1600,195,25,4,1,4,9
651782,2,1,1,0,0,0,16954,3965,0,4380,631,0,0,0,0,0,329,6,0,0,0,4085,126,0,40,13,0,1170,63,3,1,4,1
651792,4,1,3,0,0,0,47036,6013,5818,6836,2105,0,0,225,309,157,1780,60,1936,1093,0,5644,1835,851,155,538,750,0,56,5,1,2,5
651812,2,1,1,0,0,0,38076,1664,1285,2729,438,192,18,0,0,31,798,293,715,0,0,8530,101,82,0,366,0,0,77,1,1,2,1
651822,2,1,1,0,0,0,18458,3034,180,6614,519,12,10,0,0,85,454,70,556,477,0,2765,143,51,77,105,0,0,77,2,1,2,1
651842,1,0,1,0,0,0,8092,1795,90,172,410,0,0,0,0,0,308,59,540,202,0,2069,0,0,0,0,0,0,75,2,1,2,8
651852,2,1,1,0,0,0,38576,1622,777,9045,701,192,0,0,0,21,1336,54,1023,503,0,1999,2683,1081,671,136,0,0,53,5,1,1,1
651872,2,1,1,0,0,0,28692,2355,1700,3092,371,0,0,0,950,0,1400,0,1450,0,0,2199,1817,220,1000,102,0,0,25,3,1,1,1
651892,1,0,1,0,0,0,27211,1163,767,4800,588,0,122,0,0,110,2045,188,740,74,630,884,558,100,122,153,0,0,37,5,1,4,8
651902,1,0,1,0,0,0,37485,2142,2369,18396,750,0,27,0,0,0,1262,110,377,585,332,1294,2105,1157,457,277,25,0,33,6,1,4,8
651912,2,1,1,0,0,0,15162,3518,670,789,480,0,388,0,0,0,90,0,780,230,0,1350,990,600,60,71,200,0,49,3,1,2,1
651922,5,3,1,1,0,0,32968,3445,190,12540,1232,0,0,1200,0,0,352,22,70,0,2075,1210,266,0,25,57,0,0,62,3,2,4,5
651932,2,1,1,0,0,0,55021,4185,1970,9676,1162,0,36,1473,0,0,2346,122,3379,3309,0,5075,3907,592,1391,332,0,520,57,5,1,1,1
651942,1,0,1,0,0,0,7060,1478,39,563,482,102,0,0,0,0,33,0,0,0,6,1407,13,13,0,0,0,0,77,1,2,2,8
651952,1,0,1,0,0,0,16714,1157,1455,3147,725,2,10,0,0,73,1585,85,440,0,9,844,2241,360,379,250,0,117,23,5,4,4,8
651962,7,1,2,2,2,0,34581,8200,2763,4573,997,34,240,0,0,132,1914,210,1884,95,0,1674,3030,733,766,228,80,0,39,5,1,1,3
651972,1,0,1,0,0,0,14939,2015,959,2697,477,1628,0,0,0,0,72,0,0,365,0,3603,43,43,0,328,0,0,90,5,1,2,8
652002,2,1,1,0,0,0,27056,1573,755,5115,345,32,19,593,0,0,322,149,696,0,0,4636,2970,647,309,682,0,0,69,4,1,2,1
652012,4,1,1,1,1,0,15090,4719,690,160,458,0,53,0,0,0,1369,107,980,0,0,2456,328,50,220,10,0,91,28,4,1,2,2
652022,2,1,1,0,0,0,56905,4681,1980,15212,1245,0,287,2063,73,0,690,0,1800,637,0,1669,1313,127,633,482,465,0,56,6,1,1,1
652032,5,2,2,0,1,0,29528,4862,1728,5431,783,0,0,0,0,0,1032,326,1314,0,0,773,1902,693,60,192,2956,0,46,3,1,1,4
652042,3,1,2,0,0,0,21282,2735,1365,3968,1952,0,23,0,239,3,329,30,591,788,257,1560,468,144,54,141,2820,0,29,6,1,5,9
652052,3,1,1,0,1,0,39487,7220,1820,7559,810,1974,75,0,600,0,1531,0,715,1000,150,976,2873,575,200,1125,476,130,41,6,1,1,2
652062,4,1,2,0,1,0,24239,5590,805,5232,507,440,0,1119,0,0,1178,35,1095,382,0,738,975,25,385,135,0,0,66,3,1,2,5
652072,2,0,2,0,0,0,35466,4005,1322,4600,1058,652,448,700,425,0,1631,82,1580,203,0,2025,1513,355,335,222,0,1131,76,3,1,2,9
652112,6,2,1,1,2,0,21982,5156,745,418,624,260,22,0,974,70,1018,140,2190,600,93,673,1025,203,110,180,108,819,58,3,1,2,9
652132,2,2,0,0,0,0,10334,1814,181,2727,477,65,0,0,0,19,55,0,504,303,393,1086,680,93,251,10,0,546,39,3,1,4,9
652162,1,1,0,0,0,0,15133,1950,222,3116,384,0,0,0,0,0,161,61,1049,0,0,1623,894,110,700,216,0,0,56,4,1,2,8
652172,4,1,1,1,1,0,41591,7319,1462,16379,1237,0,0,0,0,0,575,75,1840,0,0,5200,956,300,240,80,0,0,37,3,1,1,3
652182,2,1,1,0,0,0,23260,2340,1992,1046,213,180,0,1433,363,46,754,67,870,1675,0,1449,2847,784,0,240,0,0,60,5,1,2,1
652192,1,1,0,0,0,0,12882,1690,300,9330,0,0,0,0,0,0,50,0,0,0,582,0,0,0,0,0,0,0,39,3,1,4,8
652202,5,3,2,0,0,0,32149,5720,850,2707,773,0,214,0,53,37,1787,425,276,0,0,2942,1702,231,437,149,0,585,48,4,1,1,4
652222,3,1,1,0,1,0,16219,5116,191,650,480,0,0,0,0,0,344,45,1101,0,0,2851,451,64,75,1,20,0,66,1,1,2,5
652232,3,2,1,0,0,0,41605,3627,960,6202,504,0,115,0,0,55,1108,89,1380,0,0,2482,2469,1119,470,204,5233,0,43,6,1,1,4
652242,2,1,1,0,0,0,8346,1209,0,1952,169,0,3,21,0,48,176,31,575,0,0,1276,3,0,0,0,0,0,61,1,1,1,1
652252,1,0,1,0,0,0,8549,1729,0,1948,353,10,71,2626,0,151,486,68,0,10,90,250,208,90,0,10,0,0,77,3,1,4,8
652262,5,1,1,1,2,0,23818,4385,1556,2340,408,420,0,500,0,0,2088,474,1215,0,0,1558,1812,593,500,84,100,0,35,3,1,4,3
652292,4,1,1,1,1,0,36217,6725,2170,7057,657,0,21,0,879,0,1963,263,1091,433,0,150,3417,2340,115,163,44,780,48,3,1,2,3
652302,2,1,1,0,0,0,42766,3664,772,7048,1053,45,134,23,150,62,1135,191,1411,110,0,433,2031,409,203,138,2505,117,22,4,1,4,1
652322,1,0,1,0,0,0,11239,1573,51,1871,333,3180,0,0,0,0,158,65,0,0,0,1389,320,0,320,117,0,0,90,5,2,2,8
652342,4,1,1,1,1,0,59532,5439,1035,19056,1447,1133,312,2845,0,106,1277,204,1086,1825,0,2633,4165,1096,1246,525,0,0,36,4,1,1,2
652362,4,1,1,0,1,1,31806,3490,1440,4939,720,3133,210,3000,0,55,1620,19,1403,268,0,2250,1112,174,109,145,497,0,32,6,1,1,2
652382,7,3,3,1,0,0,52218,5477,1629,2820,669,331,96,73,254,107,1371,80,2088,0,0,1956,2604,1201,284,123,1246,2184,50,4,1,1,5
652392,6,3,1,0,2,0,73118,5960,3782,11024,822,154,132,0,2535,86,4340,638,3340,0,0,2122,1895,600,5,263,3047,0,41,3,1,1,5
652412,1,0,1,0,0,0,31701,3515,1955,8446,925,0,0,0,0,148,1187,106,1823,275,0,1253,2711,550,725,371,0,325,44,5,1,4,8
652422,2,1,1,0,0,0,32761,1856,1129,2593,562,0,533,700,0,149,1805,270,622,1507,0,1300,1644,1093,60,317,0,637,64,3,1,2,1
652432,2,1,1,0,0,0,18745,2878,1370,3032,274,1148,0,62,0,0,698,84,495,793,0,2749,1530,1234,0,115,0,0,81,4,1,2,1
652462,2,1,1,0,0,0,17949,2737,319,1198,460,0,0,1800,900,0,213,0,735,894,0,3421,840,456,0,39,0,208,61,5,1,2,1
652472,1,0,1,0,0,0,8017,4316,0,370,234,0,0,0,0,0,69,4,1785,0,0,0,0,0,0,7,0,0,57,0,1,2,8
652482,1,0,1,0,0,0,12833,3172,105,1784,474,0,17,0,0,0,369,0,191,0,0,1900,57,5,52,455,0,182,62,2,1,2,8
652512,1,0,1,0,0,0,25583,2509,180,2835,651,0,0,0,0,0,270,0,300,0,0,618,920,500,50,20,12800,156,27,6,1,4,8
652522,2,1,1,0,0,0,36468,2961,823,4852,386,36,41,0,0,60,1444,133,1822,0,0,735,1089,770,102,29,0,0,63,3,1,2,1
652542,1,1,0,0,0,0,8706,2860,41,1030,4,0,0,0,0,0,8,0,636,0,0,992,63,0,63,14,1,923,65,1,1,4,8
652562,4,1,1,2,0,0,94587,8588,1880,16229,1020,10963,26,4464,0,121,3123,230,1135,1066,0,1645,4180,2428,250,434,2580,0,35,6,1,1,2
652602,2,1,1,0,0,0,42900,2804,1520,5545,451,0,0,0,0,0,1247,176,3330,0,0,148,5502,1018,80,81,0,351,28,3,1,1,1
652612,2,1,1,0,0,0,74298,7410,2540,7447,2132,1899,70,0,80,90,1780,119,1411,3043,0,1274,3902,1917,627,600,0,0,65,6,1,2,1
652662,2,1,1,0,0,0,17201,3965,1080,5700,480,0,40,0,0,30,1777,120,526,0,132,730,691,119,100,143,0,0,23,3,1,4,9
652672,3,1,1,0,0,1,25618,3499,1500,12000,1620,100,0,42,0,0,930,0,532,0,0,179,1050,195,100,140,0,611,54,6,1,4,9
652682,1,0,1,0,0,0,14888,2925,0,470,0,9965,0,0,0,0,690,50,0,0,0,405,43,0,0,0,0,0,90,3,1,2,8
652702,3,2,1,0,0,0,16308,4082,300,4341,499,0,0,0,0,23,1086,186,700,0,0,2448,653,40,0,38,0,195,34,4,1,4,9
652762,5,0,5,0,0,0,75043,15053,9154,10298,1309,130,0,0,1600,10,1815,0,1153,1790,0,3585,7186,2055,2355,211,70,1729,32,3,1,1,9
652772,4,2,2,0,0,0,68056,2854,9564,13467,1620,0,206,597,160,195,3223,190,2623,716,0,1500,3320,769,410,341,10715,0,44,3,1,1,4
652782,4,1,1,0,2,0,50797,7510,1693,12970,996,280,448,0,0,225,1927,508,1871,1596,105,4140,3623,2376,245,68,223,0,38,3,1,1,3
652802,2,1,1,0,0,0,15956,4562,165,3994,238,0,0,0,0,0,215,95,369,0,0,1745,133,15,118,217,0,1573,77,3,1,2,1
652812,1,0,1,0,0,0,13820,2808,324,994,1103,150,5,0,0,0,750,73,760,0,0,2941,5,0,0,92,0,0,62,2,2,2,8
652822,2,1,1,0,0,0,13985,2682,191,1110,418,11,0,150,216,0,282,0,640,0,0,1966,938,85,144,102,0,663,65,2,1,2,1
652842,4,1,1,0,2,0,22742,4100,358,1729,307,102,55,5,210,40,90,35,849,0,0,1860,632,289,15,95,0,0,40,6,4,1,3
652882,2,1,1,0,0,0,17692,3732,330,4398,1486,8,22,0,0,10,112,0,500,0,0,924,506,0,66,0,0,455,34,3,1,4,1
652912,1,0,1,0,0,0,30214,1582,745,5021,511,87,82,89,0,0,275,0,771,155,0,309,1618,391,28,95,102,0,36,4,1,1,8
652922,6,3,1,2,0,0,57582,6675,2865,15110,949,347,205,1222,0,179,3048,0,2288,562,0,1068,4969,2014,416,604,2855,0,49,5,1,1,4
652942,1,0,1,0,0,0,17273,1521,323,642,287,392,31,0,0,56,310,26,540,446,0,3990,560,0,0,99,0,0,76,1,1,2,8
653002,3,2,1,0,0,0,31885,5496,2855,9544,477,103,36,345,0,75,813,106,1896,0,0,1991,1826,544,741,522,0,273,66,2,1,1,5
653042,3,1,1,1,0,0,14307,2340,600,1553,328,2400,0,319,0,0,182,23,1320,0,0,319,360,0,360,0,0,156,23,3,1,1,2
653062,1,0,1,0,0,0,22597,2365,1315,4309,960,200,186,0,0,102,1942,102,919,130,0,952,697,100,0,108,0,0,58,4,2,1,8
653072,4,1,1,1,1,0,46389,3628,3558,13171,1135,1096,170,0,0,0,1712,40,3243,432,0,2180,2599,333,1718,248,45,0,31,3,1,1,2
653082,3,1,1,0,0,1,23366,1846,1285,3579,560,0,280,320,600,0,1203,20,1260,0,0,522,1006,430,0,205,0,0,27,6,1,1,2
653092,2,1,1,0,0,0,35128,3094,1067,4000,1354,2080,0,0,0,0,287,167,2129,288,10,3530,813,0,477,236,375,130,75,2,1,1,1
653112,5,1,1,2,1,0,51769,5903,1350,3337,433,0,21,3300,0,49,1324,0,908,0,0,4471,1004,417,100,5,80,403,38,3,1,1,3
653122,1,0,1,0,0,0,9251,1594,113,1720,545,20,0,0,186,0,54,0,512,28,0,2972,305,0,25,215,0,52,80,6,1,4,8
653132,6,3,2,1,0,0,35663,5509,1279,7859,979,0,0,0,0,0,812,214,1500,2410,0,504,1653,794,100,240,0,130,28,4,1,1,9
653152,2,1,1,0,0,0,34474,2353,795,9208,609,0,5,130,450,162,847,148,1185,0,0,917,2294,12,120,15,0,0,52,4,1,2,1
653162,2,1,1,0,0,0,18748,2157,490,2938,232,2790,39,0,0,0,795,32,118,0,0,1839,2966,0,99,190,0,0,88,1,1,2,1
653182,3,3,0,0,0,0,60091,1664,1313,7425,2458,21,0,49,0,0,4975,1565,2175,0,78,30,1927,756,0,56,978,0,21,4,2,4,9
653252,3,1,1,0,0,1,31137,1898,1009,7864,582,55,40,2165,1400,77,1790,230,870,0,0,3425,1667,8,315,198,0,0,30,4,1,1,2
653282,4,2,1,1,0,0,14366,3640,190,432,425,0,0,0,0,0,290,65,840,0,0,2748,1301,0,215,72,0,182,66,1,2,2,5
653292,2,1,1,0,0,0,25347,4511,480,2069,489,0,77,0,0,20,1044,184,964,0,0,7430,1434,0,742,164,0,0,57,3,1,1,1
653322,1,1,0,0,0,0,32175,3650,1624,3071,1129,569,0,0,0,750,2256,230,1472,985,0,4830,2052,325,1389,219,0,0,64,5,1,1,8
653332,1,0,1,0,0,0,16065,1222,593,2502,284,0,0,0,0,0,335,0,896,1685,0,8,1484,450,60,138,0,0,32,4,1,1,8
653362,1,1,0,0,0,0,16672,2171,1460,2096,286,0,16,0,0,52,994,417,3439,0,0,0,225,105,38,20,0,312,24,3,1,4,8
653392,4,2,1,0,1,0,45192,5621,1290,5259,1117,26,881,0,1060,319,4376,454,2295,667,0,1185,3672,2089,520,482,40,403,36,4,1,1,3
653412,2,1,1,0,0,0,42039,3940,4951,3857,485,190,0,165,635,0,1435,0,1260,4349,25,2928,6577,5021,60,349,0,0,64,4,1,2,1
653432,2,1,1,0,0,0,19665,2805,2269,7131,735,0,0,0,105,26,282,12,515,554,0,1576,116,91,25,125,0,0,82,3,1,2,1
653442,2,1,1,0,0,0,24933,4368,1275,6545,479,0,153,597,0,207,1184,90,1870,0,0,585,1015,0,433,174,0,0,52,3,1,1,1
653452,5,1,1,0,3,0,29570,4308,804,9994,1025,24,30,0,0,0,637,0,1427,40,0,275,2165,936,930,421,0,0,38,6,1,1,3
653462,4,1,2,1,0,0,23400,5304,503,4800,267,0,30,0,0,0,293,109,753,297,0,218,361,110,139,79,0,728,34,1,1,4,9
653522,1,1,0,0,0,0,13517,1261,498,5041,431,12,0,270,0,60,290,0,602,0,33,755,493,101,93,99,0,0,32,6,1,4,8
653542,4,1,1,1,1,0,23993,2600,1068,370,1049,43,141,0,100,25,1581,271,1822,0,0,2422,799,104,236,36,139,312,41,2,2,2,3
653572,1,1,0,0,0,0,18140,1248,170,2880,555,0,21,0,0,31,486,84,1243,0,0,250,1588,470,320,108,0,728,21,3,1,4,8
653592,1,1,0,0,0,0,9545,1430,570,1289,201,148,54,0,0,0,448,102,470,0,0,589,315,25,0,128,0,0,76,3,1,2,8
653602,1,1,0,0,0,0,16042,1742,711,4140,1330,0,0,0,0,0,242,0,505,0,0,167,1466,15,75,113,0,39,25,5,1,4,8
653622,7,3,1,2,1,0,24425,4745,1190,1358,1354,0,0,0,0,0,1772,456,609,135,660,2434,634,408,0,43,301,78,75,2,2,2,9
653642,2,1,1,0,0,0,28400,2231,2288,3140,178,183,83,0,0,4,1123,144,830,0,0,5346,1339,203,37,167,0,0,56,6,1,2,1
653662,7,3,1,2,1,0,25035,4290,999,1566,886,0,20,0,161,98,811,115,2041,26,0,305,873,35,220,74,137,1014,46,4,1,1,4
653682,1,0,1,0,0,0,28316,2217,600,9775,75,227,0,820,0,0,668,0,0,2000,0,2087,4166,3333,0,54,0,0,82,5,1,2,8
653692,5,1,2,0,2,0,19001,6435,45,6215,853,0,0,0,0,0,1102,0,0,0,2130,0,220,0,0,46,0,0,44,5,4,4,4
653712,1,1,0,0,0,0,27203,946,8057,4119,567,241,150,0,175,0,1929,0,946,425,0,134,2795,565,0,157,0,988,51,4,1,2,8
653732,1,0,1,0,0,0,8016,1027,471,4574,206,40,0,0,0,16,416,10,0,0,271,119,194,127,10,65,0,0,29,4,1,4,8
653742,3,1,1,1,0,0,15199,1900,513,4896,522,9,66,296,0,0,613,196,928,0,0,494,332,42,230,8,0,13,26,3,1,4,2
653752,1,0,1,0,0,0,14069,1365,615,5795,331,0,0,300,0,10,499,16,970,0,135,321,98,83,0,17,0,0,41,3,1,4,8
653772,1,0,1,0,0,0,12037,1690,256,3960,275,0,0,0,0,0,0,0,470,0,0,1053,0,0,0,0,780,325,53,3,1,4,8
653782,1,0,1,0,0,0,30455,3185,2010,10716,660,0,0,0,90,0,3470,483,60,0,0,810,1377,700,0,469,0,780,35,6,1,4,8
653802,1,0,1,0,0,0,13877,2093,536,1693,376,439,0,181,0,15,470,89,422,372,0,1257,121,20,0,116,0,0,65,3,1,2,8
653822,1,0,1,0,0,0,10696,3380,675,770,317,50,0,600,0,0,122,0,300,0,0,587,0,0,0,92,0,0,70,3,1,2,8
653832,2,1,1,0,0,0,11010,4628,60,2965,174,0,0,0,0,0,68,14,554,0,0,0,691,0,102,30,0,52,61,2,1,1,9
653842,7,1,1,0,4,1,41384,5850,225,9620,822,3680,200,445,560,270,2971,385,90,0,875,6250,659,18,300,23,4720,0,27,3,1,4,3
653852,4,1,1,1,1,0,37241,5888,1730,8972,464,907,0,400,900,0,744,35,1665,1831,0,266,191,33,70,18,122,0,42,4,1,1,3
653862,5,1,1,2,1,0,38328,4288,1055,12063,626,330,0,0,1042,20,703,60,1460,0,0,1921,1494,280,553,109,0,130,37,4,1,1,3
653872,2,1,1,0,0,0,54434,2585,3553,7243,1378,0,10,0,0,42,585,93,2734,217,0,2329,509,129,0,208,15381,0,52,6,1,1,1
653882,1,0,1,0,0,0,27174,1518,352,356,217,0,0,1529,0,0,1560,275,640,0,0,1904,342,80,0,390,0,845,64,2,1,2,8
653892,1,0,1,0,0,0,14015,1417,42,3015,218,253,58,0,0,44,74,34,156,0,20,4255,337,0,25,185,0,0,71,4,1,2,8
653902,4,1,1,2,0,0,27354,2847,439,9990,259,0,0,0,0,65,1399,66,1292,45,3,552,2229,403,180,127,424,0,39,3,1,5,3
653932,2,1,1,0,0,0,12944,2046,850,1890,429,0,0,0,0,0,999,50,1022,0,0,602,565,0,300,0,0,0,65,3,1,2,1
653942,6,1,1,3,1,0,19718,4940,450,5635,1291,28,77,180,117,10,1587,276,1556,0,792,228,318,0,37,0,0,208,38,1,4,4,3
653952,2,1,1,0,0,0,21558,3690,342,2382,376,0,0,0,0,10,480,0,1713,0,0,2503,413,103,30,331,0,0,45,4,1,1,1
653982,3,1,1,0,1,0,22239,2730,1796,3430,385,0,25,0,0,2,472,60,976,301,0,594,799,56,328,18,0,988,24,3,1,4,2
654002,3,1,2,0,0,0,31076,4134,612,2641,2551,0,20,115,0,1117,760,172,832,1133,546,1460,575,18,0,46,73,0,57,1,1,2,3
654012,3,1,1,0,0,1,32940,2585,712,7236,1314,300,64,39,0,20,539,84,1040,401,0,284,142,62,0,84,0,26,21,2,2,4,2
654042,2,1,1,0,0,0,17810,3033,518,1418,322,702,0,576,29,0,432,24,161,21,0,5792,633,231,27,108,0,0,75,3,1,2,1
654082,1,1,0,0,0,0,13462,1658,361,4370,327,0,0,0,0,0,344,40,684,0,0,60,1537,766,0,0,0,0,27,3,1,1,8
654102,1,0,1,0,0,0,16122,3660,363,6462,623,0,0,0,0,0,651,0,0,80,945,258,157,137,20,28,0,0,33,5,1,4,8
654112,1,1,0,0,0,0,20417,1951,1672,1902,504,0,51,582,0,53,529,139,1143,443,0,370,1282,105,380,107,0,0,33,3,1,1,8
654122,6,1,2,3,0,0,36205,5967,1020,11181,306,0,0,0,0,186,688,83,900,0,1329,1785,578,0,60,47,0,650,55,3,1,1,4
654152,1,1,0,0,0,0,9871,1281,660,3300,754,0,0,0,0,6,197,0,54,0,171,90,527,0,10,19,0,351,24,4,2,4,8
654162,4,1,1,2,0,0,11892,2119,330,2764,178,40,4,0,0,0,211,28,562,0,0,51,162,40,64,19,0,936,30,2,1,5,3
654172,2,1,1,0,0,0,50737,3438,677,5697,1049,28,0,0,0,9,1389,79,3906,900,0,8237,223,81,60,98,565,3315,65,5,1,1,1
654182,2,1,1,0,0,0,32511,3029,1515,10051,294,510,300,0,895,20,1265,35,470,480,0,4150,573,58,0,364,0,0,81,4,1,2,1
654192,1,1,0,0,0,0,29767,2145,1342,7375,408,0,112,4363,1345,40,190,0,731,0,0,626,1247,22,249,43,0,0,34,5,1,1,8
654202,2,1,1,0,0,0,17032,3943,850,258,432,0,221,127,1365,674,317,65,1878,56,0,2461,331,0,106,76,0,0,75,1,1,2,1
654212,2,1,1,0,0,0,40276,4011,1197,10177,678,418,85,810,400,0,631,20,1362,920,18,843,2361,922,40,95,0,0,56,5,1,1,1
654232,2,1,1,0,0,0,24005,2816,595,13060,715,0,0,0,0,30,172,36,696,0,0,1972,285,0,0,252,0,728,76,3,1,2,1
654242,4,1,1,0,2,0,33884,4160,570,7800,570,4670,98,0,100,0,871,116,1067,0,0,3338,1968,731,667,271,56,0,32,6,1,4,3
654262,3,1,1,0,1,0,16278,4095,120,6735,177,0,0,0,0,0,291,33,802,0,0,0,303,0,0,86,0,1300,31,3,1,4,3
654282,2,1,1,0,0,0,11326,2236,0,1230,451,0,0,0,640,742,0,0,475,0,0,0,319,0,0,119,0,624,55,1,2,1,1
654302,1,0,1,0,0,0,7187,1683,390,925,276,0,0,12,0,0,5,2,496,0,0,1162,57,30,0,120,0,0,73,3,1,2,8
654322,6,3,1,2,0,0,50434,8178,3645,9716,961,0,275,0,0,30,764,265,10270,1616,0,4177,2549,192,556,51,0,1365,40,3,1,1,4
654342,5,3,2,0,0,0,70436,6209,1176,15671,482,0,642,134,187,494,1373,144,2874,0,144,2772,5631,2213,1259,178,193,1105,48,4,1,1,5
654352,2,1,1,0,0,0,38353,2127,1640,3722,455,200,93,1300,156,28,707,185,1725,0,24,59,1646,126,46,92,0,0,56,4,1,2,9
654392,2,1,1,0,0,0,27723,4545,2975,5000,421,2077,200,0,0,0,1271,90,1040,0,0,2526,832,253,0,833,0,0,75,4,1,2,1
654422,5,1,2,1,1,0,32811,4550,2747,3940,1329,0,155,2300,0,12,1764,100,5150,0,0,3034,1174,280,38,264,106,1170,38,2,1,4,4
654442,2,1,1,0,0,0,14833,3224,789,3675,336,0,0,686,104,33,974,211,1140,0,0,1740,556,41,0,10,0,260,60,3,1,4,1
654452,3,2,1,0,0,0,28465,5330,427,3180,1232,15,53,571,423,92,1653,148,665,0,12,1423,865,24,0,18,0,780,24,2,1,4,5
654462,4,1,1,1,1,0,83158,4709,3899,13132,1176,1142,131,864,0,78,3397,336,2826,1000,0,110,3175,1434,335,446,2978,0,43,3,1,1,3
654482,1,0,1,0,0,0,18866,2771,2585,3674,1249,169,8,0,0,0,1318,60,1100,200,0,844,1079,803,0,238,0,0,62,4,1,2,8
654492,2,1,1,0,0,0,21823,2535,266,7128,495,0,0,60,0,0,460,40,1783,0,0,3009,295,0,0,74,0,0,57,4,1,1,1
654502,2,1,1,0,0,0,39125,7085,4200,12000,1484,0,50,0,0,0,1044,79,0,0,0,1655,805,0,45,91,0,780,61,2,1,4,1
654512,4,1,1,0,2,0,45372,4599,1374,12079,1291,215,0,0,120,60,1268,144,2199,100,0,1475,3429,1443,350,86,0,39,36,3,1,1,3
654562,5,1,2,1,1,0,33933,5265,1842,6600,980,0,0,0,0,0,1049,100,1340,0,0,1275,448,95,0,0,0,0,44,5,2,4,4
654572,2,1,1,0,0,0,29469,1326,1670,6390,1430,0,31,187,0,0,1744,205,1425,0,0,1947,1486,218,55,269,99,0,25,5,4,4,9
654592,4,1,1,1,0,1,79147,9523,4127,21507,804,5988,60,0,55,20,731,110,726,0,0,5763,1786,197,444,293,0,0,33,4,1,1,2
654622,2,1,1,0,0,0,24190,3649,385,3736,1866,0,0,0,0,62,956,90,1874,0,0,147,210,12,0,246,2000,364,57,3,1,2,1
654642,1,0,1,0,0,0,37007,1772,7800,3964,655,0,212,462,436,26,1406,521,982,899,0,2740,2470,1212,247,627,305,0,62,5,1,1,8
654652,1,0,1,0,0,0,4259,1066,36,1221,300,90,0,0,0,150,0,0,0,0,0,402,0,0,0,0,0,0,84,1,2,1,8
654682,2,1,1,0,0,0,41346,3045,3974,6075,1712,240,44,0,160,75,3405,93,992,4849,0,1245,1877,1112,290,464,0,0,56,5,1,1,1
654712,2,1,1,0,0,0,25087,6695,285,6250,325,220,0,0,0,60,1141,62,780,0,0,1460,2047,850,426,109,0,884,71,3,1,5,1
654722,4,1,2,0,1,0,27216,2275,680,9146,536,0,89,0,0,57,443,34,1668,127,0,2879,1270,848,102,54,0,416,58,1,1,1,5
654772,4,1,1,1,1,0,32780,3755,1282,7716,642,1685,15,15,0,0,997,195,1269,0,0,1706,2823,176,1133,160,85,143,31,3,1,1,3
654782,3,0,2,0,1,0,21190,3406,405,6630,761,120,40,0,0,0,2069,143,730,0,332,1101,74,50,0,44,0,273,42,2,2,4,7
654802,4,1,1,1,0,1,29067,3150,2110,2264,673,0,0,0,0,0,1131,21,804,0,0,2533,309,0,190,77,0,0,25,4,1,1,2
654812,2,1,1,0,0,0,11316,3510,0,1837,574,0,14,430,0,0,1139,215,0,0,0,861,13,13,0,0,0,0,67,2,2,2,9
654822,2,1,1,0,0,0,36103,5648,937,6527,723,40,220,121,114,26,2791,143,817,178,11,3225,1989,364,516,191,0,429,68,4,1,1,1
654842,2,0,1,1,0,0,15389,3071,240,5078,254,1536,5,264,32,21,793,76,360,0,90,31,276,33,65,81,150,39,24,4,1,4,7
654862,1,0,1,0,0,0,27257,910,400,8454,138,0,0,0,0,0,1584,163,750,278,0,532,556,251,80,338,139,0,39,6,1,4,8
654872,5,1,1,2,1,0,26051,3484,573,935,1125,370,0,1200,0,0,911,20,1299,206,0,0,573,0,0,39,0,0,34,3,1,2,3
654912,2,1,1,0,0,0,22853,2847,1953,4498,532,420,0,9,0,21,478,235,952,0,0,1956,656,38,327,160,0,0,52,5,1,1,1
654922,1,0,1,0,0,0,10551,2015,0,6000,390,0,0,0,0,0,226,0,0,0,615,265,0,0,0,0,0,0,44,6,1,4,8
654952,1,1,0,0,0,0,6661,1495,570,1290,539,60,4,0,0,4,414,134,342,0,6,548,0,0,0,6,0,0,73,1,1,4,8
654972,3,1,1,0,1,0,15878,3380,370,1537,303,0,0,0,0,0,199,88,1057,0,0,890,10,10,0,44,35,0,51,4,1,1,3
654982,4,1,1,2,0,0,17131,6240,495,2763,241,60,6,0,0,0,904,52,920,0,96,301,222,0,104,0,0,520,31,3,1,4,9
654992,2,0,1,1,0,0,18220,2017,949,4230,939,517,0,500,26,0,1128,26,620,11,0,881,1103,60,316,28,0,299,31,4,2,4,7
655012,2,1,1,0,0,0,12045,2340,0,1352,830,81,0,0,0,26,810,0,640,0,0,2976,252,0,0,0,0,0,85,1,1,2,1
655082,2,1,1,0,0,0,10573,2288,0,867,270,0,4,298,0,0,70,20,456,0,0,2760,371,0,65,72,0,507,86,2,1,2,1
655102,4,1,1,0,1,1,34645,4066,1552,6099,1150,5480,0,30,0,0,1811,88,998,0,0,3099,1960,135,641,76,0,871,29,4,1,4,2
655132,2,1,1,0,0,0,19517,2809,486,3273,405,15,148,856,0,89,641,99,615,276,0,2324,394,40,0,60,0,1729,72,1,2,4,1
655142,9,3,2,3,0,1,13933,5105,36,250,1216,0,0,0,0,20,760,146,1061,0,27,376,75,0,75,0,45,156,63,0,1,2,5
655152,2,1,1,0,0,0,14452,3289,648,4830,537,50,0,138,0,37,487,100,0,564,951,1160,544,50,36,19,0,0,60,1,1,4,9
655172,2,0,2,0,0,0,33694,3302,975,5674,798,163,0,0,0,0,1512,200,2400,0,0,3730,1089,1010,0,3,6473,0,47,4,1,2,9
655182,3,1,2,0,0,0,35605,1989,997,747,360,0,47,0,157,0,1618,367,1445,0,0,2092,519,50,40,78,0,104,61,1,1,2,5
655202,3,1,1,0,1,0,48376,3858,2167,6155,426,0,16,170,0,30,987,75,1211,600,0,2778,3940,1333,1241,325,100,0,42,4,1,1,3
655212,2,1,1,0,0,0,19567,3055,1095,3890,254,135,0,100,0,25,402,126,217,0,195,5629,306,29,277,291,0,0,84,4,1,2,1
655222,2,1,1,0,0,0,35762,4680,2109,7119,560,298,0,0,136,23,1370,0,618,6083,0,3516,3387,2561,0,613,0,0,82,6,1,1,1
655232,4,2,2,0,0,0,12931,5744,60,1707,0,0,0,0,0,0,0,0,1460,0,0,380,660,0,0,0,0,130,48,2,2,4,9
655242,1,0,1,0,0,0,6286,1482,0,4090,256,0,0,0,0,0,0,0,0,0,0,0,0,0,0,0,0,0,56,5,1,5,8
655252,2,1,1,0,0,0,25321,5376,1930,3663,377,2036,0,0,0,64,409,0,550,1320,0,2128,2279,683,0,121,0,1066,68,6,1,2,1
655262,2,1,1,0,0,0,22167,2730,870,5100,510,0,20,0,0,0,2404,144,320,0,1563,1796,885,28,0,30,0,1001,35,4,2,4,1
655272,3,1,1,1,0,0,24243,5109,480,4424,1030,300,0,0,0,0,861,0,1714,0,0,200,2028,320,1100,100,1200,923,45,4,1,1,3
655282,11,1,4,4,2,0,19433,6240,180,8850,847,0,0,0,0,0,442,0,0,0,0,0,99,0,80,10,0,260,17,1,1,4,9
655292,2,1,1,0,0,0,26852,3380,795,4212,480,1325,0,0,0,504,2306,63,955,0,0,3961,1098,110,50,192,0,0,71,5,1,2,1
655322,4,0,1,2,1,0,25802,3809,709,3900,443,0,60,110,180,40,1360,198,819,0,21,0,1058,524,250,9,252,0,32,2,1,4,7
655332,6,3,1,1,1,0,26647,5460,1710,390,1589,0,54,0,1723,0,1094,120,1590,0,0,2691,300,0,200,0,0,819,60,3,1,2,5
655372,4,2,2,0,0,0,26423,3355,755,922,493,0,180,0,0,0,4827,870,2459,0,0,952,1977,48,784,96,388,0,52,3,1,2,4
655392,4,0,1,2,1,0,11537,2932,469,2165,441,0,62,0,0,0,1567,421,0,32,84,15,777,173,0,0,63,0,34,3,2,4,7
655422,1,0,1,0,0,0,16011,2223,348,6755,173,580,0,0,0,21,103,0,265,0,0,1477,20,0,20,214,0,689,71,4,1,2,8
655432,4,1,3,0,0,0,56547,7545,1484,8495,1136,360,361,0,0,52,2161,586,2492,0,0,900,987,150,0,46,1000,0,47,2,1,1,4
655442,2,1,1,0,0,0,22690,4510,1144,3431,525,40,444,100,0,95,402,28,1316,0,0,3996,522,30,80,237,45,364,75,1,1,1,1
655462,1,0,1,0,0,0,20391,2427,1029,5122,485,0,198,737,0,65,1182,55,510,264,0,943,247,141,46,33,0,0,75,1,1,2,8
655472,3,0,1,1,1,0,10487,2432,165,4200,98,0,0,0,0,0,248,0,481,0,20,538,111,0,30,13,0,351,31,4,1,4,7
655522,2,1,1,0,0,0,16994,1794,345,5063,305,0,0,0,0,13,235,52,810,0,0,3362,877,476,149,99,0,0,80,1,1,1,1
655552,2,1,1,0,0,0,25690,4355,570,900,548,0,0,614,585,0,599,19,305,0,0,1044,872,208,0,105,0,0,61,4,1,2,1
655612,2,1,1,0,0,0,19260,3367,569,2570,435,425,50,0,0,25,838,71,1017,0,0,3499,691,96,108,158,0,0,72,4,1,2,1
655622,8,1,1,3,3,0,57525,5709,2289,3762,600,1449,55,0,0,137,1662,127,2212,1,135,2340,4575,97,443,120,2446,0,32,4,1,1,3
655642,3,1,1,0,1,0,17802,2127,1252,1715,812,0,45,0,0,40,422,89,854,0,0,1817,926,283,270,49,425,0,36,4,1,1,3
655672,3,1,2,0,0,0,28135,3185,995,2236,1123,0,0,345,451,0,898,21,2170,0,0,1349,1476,388,392,246,0,975,45,4,1,1,4
655682,4,1,1,1,1,0,14365,2795,495,3600,233,0,157,0,0,94,1623,338,245,0,150,12,1439,426,125,58,0,780,25,3,2,4,3
655692,1,0,1,0,0,0,21640,2589,1530,6151,441,482,30,26,0,72,1543,208,394,1706,0,1543,931,762,0,366,0,0,77,4,1,1,8
655712,3,0,1,2,0,0,20817,3892,375,7591,808,0,15,0,0,0,389,31,520,1800,0,430,799,110,260,23,0,299,36,4,1,1,7
655732,2,1,1,0,0,0,55771,2362,5246,11688,630,534,153,0,526,26,2694,0,910,4381,0,3443,7004,6072,200,352,0,0,70,5,1,1,1
655742,3,0,1,1,1,0,31693,3115,920,9050,890,50,25,0,0,0,1491,199,875,45,0,1382,3317,1330,102,173,0,0,42,4,1,1,7
655762,4,1,1,1,1,0,31859,3215,1066,3594,383,320,238,0,319,38,1776,481,850,0,0,1760,585,163,163,71,67,0,30,3,1,1,3
655772,3,2,1,0,0,0,27496,3581,545,4696,443,0,0,0,0,26,420,41,958,0,0,5074,1323,248,482,520,0,0,71,4,1,2,4
655792,2,1,1,0,0,0,39715,2455,1130,1850,256,25,298,0,0,32,1194,94,1474,0,0,428,1353,0,65,78,1050,520,46,3,1,2,1
655802,2,1,1,0,0,0,22775,3328,810,1860,465,0,0,0,500,0,376,50,1156,0,0,5241,896,0,344,493,0,0,65,3,1,2,1
655822,5,1,1,1,2,0,27933,5770,917,6599,541,703,0,0,0,92,2527,165,500,0,0,1587,1996,1149,225,166,0,0,41,5,1,1,3
655832,2,1,1,0,0,0,58875,3770,7257,5935,739,450,226,2745,447,469,3164,200,2435,2354,60,3058,10478,7710,1129,259,0,702,51,3,1,2,1
655852,5,2,2,0,1,0,39133,6850,2188,2601,292,0,135,0,0,30,2946,336,1693,183,0,520,2284,774,95,142,1464,0,42,4,1,2,4
655862,6,1,3,0,2,0,7604,3237,0,200,680,0,0,0,0,0,0,0,440,0,0,867,0,0,0,53,0,13,39,2,2,2,9
655882,3,1,1,1,0,0,29409,2509,1315,2452,630,100,127,30,0,0,993,55,2232,0,0,4628,1191,222,380,38,0,1430,37,2,1,4,3
655952,2,1,1,0,0,0,29296,4686,280,8316,893,265,25,300,120,68,3049,178,1519,0,0,2352,1070,15,432,519,0,377,63,1,1,4,1
655962,2,1,1,0,0,0,44377,5377,2456,2322,1203,151,201,1404,1442,72,2210,410,2690,0,0,624,1656,313,21,302,481,481,55,5,2,1,1
655972,1,0,1,0,0,0,33107,1405,2940,8462,1063,0,170,3000,1389,0,887,90,2263,0,0,2556,327,161,45,349,0,0,55,3,1,1,8
656002,3,1,2,0,0,0,21235,3874,540,7869,1431,0,23,305,0,53,2999,517,0,0,1126,50,149,26,0,72,0,182,43,3,2,4,7
656052,3,2,1,0,0,0,59129,2954,1389,9367,679,0,137,0,0,98,1188,260,1725,1070,0,157,2961,1435,142,217,716,0,47,4,1,1,4
656082,1,1,0,0,0,0,33427,2340,2220,4526,334,30,0,5460,852,0,4225,100,850,0,0,0,4093,170,1040,0,0,689,30,2,1,1,8
656092,3,1,1,0,1,0,10164,2886,75,4440,496,0,0,0,0,0,461,79,0,0,72,0,93,0,20,30,40,130,41,3,2,4,7
656112,2,1,1,0,0,0,14595,3757,900,7005,530,42,0,482,0,0,61,0,75,0,0,0,37,0,0,0,0,0,22,3,1,1,1
656132,1,0,1,0,0,0,4744,962,0,1600,396,0,0,0,0,0,0,0,175,0,0,548,0,0,0,104,0,0,89,3,1,2,8
656152,4,1,2,1,0,0,49674,4859,4899,4947,760,2070,181,3791,0,147,3533,657,1900,0,0,891,2123,893,0,732,0,1235,49,2,1,1,3
656162,2,1,1,0,0,0,27827,4166,1885,1398,380,0,0,41,207,333,2545,171,1470,104,0,944,888,269,100,103,0,0,37,6,1,2,1
656202,2,1,1,0,0,0,48830,3874,1306,13476,2356,2,24,285,1453,243,2138,342,552,1142,0,2258,2899,1846,96,523,0,0,68,6,1,1,1
656212,2,1,1,0,0,0,36196,3497,4391,4626,1161,215,46,0,0,318,1905,353,1784,379,0,6698,880,592,0,153,0,624,66,5,1,2,1
656222,2,1,1,0,0,0,24979,3442,818,2642,220,0,206,104,0,0,1228,195,1847,42,0,2647,5,0,5,150,0,0,48,3,1,2,1
656242,3,1,1,0,1,0,47800,4810,750,8412,447,162,43,10,260,0,582,8,883,0,0,460,644,20,165,28,0,520,34,3,4,1,2
656282,4,1,2,1,0,0,108752,5058,11890,16941,1678,2615,245,1018,0,69,3037,417,1724,2890,69,1424,10241,7706,807,526,5864,0,44,6,1,1,3
656292,3,2,1,0,0,0,52300,3075,1966,8935,1162,405,80,315,98,0,1893,105,2128,1102,0,2821,2148,455,763,473,0,325,42,4,1,1,4
656322,4,1,1,1,0,1,38343,3835,820,8115,1029,2782,0,238,0,80,2583,260,2131,0,0,3209,1227,353,350,237,0,0,39,4,1,1,2
656332,5,1,1,2,1,0,19381,4663,45,2341,584,706,25,43,1721,42,1587,216,588,0,0,1156,1687,929,394,147,187,0,61,4,1,1,3
656342,3,1,1,1,0,0,35881,3991,1497,10224,1021,0,50,0,420,0,1428,249,962,148,0,3971,963,492,200,272,2285,0,36,6,1,4,3
656352,4,2,2,0,0,0,43688,6123,645,4926,809,0,51,0,530,35,1306,203,2972,0,225,2003,857,52,0,266,0,0,62,3,2,1,5
656372,2,1,1,0,0,0,32938,3250,315,1945,875,0,93,643,0,0,182,6,2005,0,0,5052,939,7,234,1,0,1235,52,3,1,1,1
656382,6,2,1,1,2,0,13341,4251,60,3801,1199,155,4,0,0,29,1121,0,823,160,27,123,163,120,2,0,56,130,28,4,1,4,9
656402,6,3,1,0,2,0,29297,5530,4166,4050,745,0,0,0,423,38,1547,188,991,0,0,2814,1848,268,5,105,0,0,41,3,1,4,4
656422,4,1,1,2,0,0,38603,5074,1674,3797,415,35,42,265,439,86,2198,200,3453,850,0,3070,4599,1401,2178,211,5401,403,38,4,1,2,3
656462,2,1,1,0,0,0,30202,2625,3550,4250,600,30,236,525,0,52,2488,127,520,0,0,4106,1976,742,565,299,0,0,48,3,1,1,1
656472,3,2,1,0,0,0,14797,4095,1470,2200,341,0,30,700,820,0,280,0,780,0,0,1084,290,0,0,197,0,0,68,4,1,2,4
656492,5,1,2,0,1,1,38529,2951,862,11291,1285,0,36,0,0,32,1437,69,920,0,0,2155,973,11,423,281,36,0,39,5,4,1,5
656502,2,1,1,0,0,0,29055,5245,1969,6003,550,0,600,100,1605,100,1550,0,775,518,0,2094,2996,2552,80,197,0,0,64,4,1,2,1
656532,2,1,1,0,0,0,61303,3445,5500,12170,792,1050,0,2000,0,0,5978,1003,3475,1047,0,1513,4877,1400,404,15,0,0,25,4,1,4,1
656542,3,1,2,0,0,0,27109,2730,334,1910,755,0,0,0,0,41,2090,0,1794,1973,0,5287,2420,794,905,555,0,0,74,5,2,2,4
656552,5,2,2,1,0,0,53496,7800,1334,7487,498,0,241,803,0,31,1169,191,1814,70,171,2738,2510,1439,34,51,1191,0,45,5,4,1,4
656562,1,0,1,0,0,0,16665,2171,1381,5400,759,0,0,857,0,0,517,0,601,150,0,297,834,280,0,0,0,0,23,4,1,4,8
656572,3,1,1,1,0,0,65132,6501,3554,5537,1014,500,1063,0,73,169,5394,627,3680,0,0,341,5111,1356,1740,477,100,416,40,4,1,1,3
656582,3,1,2,0,0,0,23903,2173,605,3175,458,0,82,0,0,0,1050,252,2983,0,0,643,560,80,141,138,0,468,52,4,2,1,4
656612,3,1,1,1,0,0,36096,5175,2258,2302,499,120,0,350,0,80,1726,353,1112,0,0,2801,3021,436,1455,169,3189,1105,35,4,1,1,3
656622,2,1,1,0,0,0,21247,2439,340,1835,585,0,95,361,923,0,323,121,671,0,0,4889,1701,574,357,234,0,520,81,3,1,2,1
656642,2,1,1,0,0,0,42292,3352,1016,13064,381,35,16,53,300,0,1318,62,1078,19,0,1104,1243,401,60,441,0,351,32,4,1,1,1
656652,1,1,0,0,0,0,11176,1312,145,2400,720,0,0,0,0,54,994,281,1490,0,0,0,1038,320,150,10,0,0,20,3,1,4,8
656702,1,0,1,0,0,0,7542,1651,270,1495,178,0,0,0,0,0,252,22,255,0,0,982,0,0,0,240,0,0,74,3,1,2,8
656742,1,1,0,0,0,0,15210,0,2670,667,343,0,0,0,0,0,103,0,362,0,0,1775,2087,0,134,14,0,0,74,3,1,2,8
656772,3,1,2,0,0,0,5289,1352,18,742,8,0,40,0,0,0,270,24,0,0,72,467,336,0,0,3,0,0,54,2,2,2,9
656782,4,1,1,1,0,1,58444,5624,3397,14979,1895,4829,300,900,0,0,3105,276,2110,216,0,1165,3262,2032,670,285,0,0,33,6,1,1,2
656792,2,1,1,0,0,0,33295,2970,1026,6850,487,82,359,63,0,141,2562,186,1510,1068,0,1057,1887,661,339,491,0,0,29,5,1,1,1
656802,3,2,1,0,0,0,30456,2665,768,5204,790,0,44,0,255,19,816,52,1674,0,0,2305,680,213,0,109,494,0,54,3,1,1,4
656812,4,1,2,1,0,0,60595,6472,2411,11523,1551,1565,260,1189,181,178,3027,401,3046,0,0,3542,3060,766,995,251,40,2626,52,5,2,1,5
656822,3,0,1,0,2,0,59624,5915,735,5196,1146,4103,0,261,0,0,2988,332,820,0,0,118,4510,1285,1196,717,3880,637,32,5,1,2,7
656832,3,1,1,0,1,0,19642,5046,800,1420,1345,0,70,0,236,40,2028,165,2335,0,0,1694,763,104,306,73,0,520,45,4,1,2,7
656852,1,1,0,0,0,0,13317,2051,230,4440,144,0,0,0,0,0,276,27,671,244,0,1175,1255,798,25,277,0,494,72,4,1,4,8
656862,1,0,1,0,0,0,9262,1963,45,3448,255,0,0,0,0,0,0,0,510,0,0,554,513,0,0,0,0,0,65,1,1,2,8
656872,1,0,1,0,0,0,17611,1937,114,3360,780,0,0,0,0,60,114,0,695,0,0,10,248,36,0,35,5,0,55,5,2,2,8
656882,3,1,1,0,1,0,35079,4613,1985,4424,363,0,184,440,160,39,1972,223,1047,185,1170,1634,2795,1220,728,246,1598,0,54,3,1,1,3
656892,4,1,2,0,1,0,45469,3050,1245,2179,2287,0,47,0,94,60,2398,94,1628,74,0,4267,1657,511,113,63,0,312,36,3,2,1,3
656922,4,1,1,2,0,0,59510,8855,3727,11605,890,180,155,405,80,72,1912,205,1521,1852,367,2515,2700,1240,330,963,243,1170,43,4,1,1,3
656932,2,1,1,0,0,0,26852,4559,1680,6972,847,406,163,299,0,47,1590,264,946,0,0,2737,1915,509,749,87,0,0,72,3,1,2,1
656942,2,1,1,0,0,0,51484,2249,641,745,454,0,0,0,0,0,178,0,1020,0,0,2540,288,119,120,8,0,0,66,4,1,2,1
656962,2,0,1,1,0,0,20195,2769,1400,1538,426,720,40,0,0,16,882,86,1295,0,0,149,1430,170,430,0,45,0,35,3,1,1,7
657012,4,1,1,0,1,1,27751,5536,619,5286,435,211,261,3,0,45,1466,234,1275,0,0,2570,1592,481,453,207,24,0,45,4,1,1,3
657032,2,1,1,0,0,0,33555,1109,3445,9954,1904,192,0,0,0,0,302,79,740,3126,0,362,783,50,10,109,2190,13,49,5,4,1,6
657042,5,1,1,0,3,0,27692,3900,1560,1644,353,0,0,0,200,0,699,93,525,0,0,343,1033,455,60,81,0,0,28,3,1,1,3
657052,3,2,1,0,0,0,70407,3980,1852,16564,2191,2925,50,0,0,0,805,100,1319,1285,543,7195,3058,1412,0,1334,25,1105,63,6,1,1,4
657092,1,0,1,0,0,0,18102,1716,663,1427,435,560,23,0,0,35,1136,125,0,0,0,6861,761,6,410,226,0,0,75,4,1,2,8
657112,2,1,1,0,0,0,130773,4002,4836,47578,804,255,4050,2218,2441,36,870,94,1620,0,0,742,4202,1341,1089,463,0,0,53,3,1,1,1
657132,3,1,1,0,0,1,16637,1875,320,4953,614,0,26,0,195,0,1544,258,870,0,0,45,877,44,95,379,0,0,25,6,1,4,2
657162,5,2,2,0,1,0,60463,7072,3581,13234,3512,15,108,0,0,214,2642,0,1325,4610,0,3150,4390,2816,245,765,122,0,41,4,1,4,4
657192,1,1,0,0,0,0,11653,739,1448,2761,484,100,0,0,0,0,528,32,376,180,0,1386,0,0,0,118,0,0,85,1,2,2,8
657202,2,1,1,0,0,0,19275,1820,360,2909,1183,0,0,0,0,0,435,10,1225,76,0,1022,1266,239,77,118,1600,0,21,4,1,1,9
657212,5,1,1,1,2,0,47114,5043,2428,7900,691,284,41,2540,286,22,3712,874,1792,0,0,3250,2071,1060,197,249,0,0,43,5,1,1,3
657232,1,0,1,0,0,0,6117,2213,0,996,566,45,0,0,0,0,563,83,0,0,2,603,225,0,100,0,0,0,79,1,1,4,8
657242,1,0,1,0,0,0,29645,1861,1545,7827,784,0,0,0,0,125,2166,496,1380,452,0,312,984,190,0,257,0,156,47,6,2,1,8
657262,2,1,1,0,0,0,57846,5200,994,11559,370,0,93,0,190,0,437,114,1720,200,0,2242,1685,310,739,134,0,260,50,2,1,1,1
657272,4,1,1,0,1,1,51033,4041,1690,14370,647,4848,0,0,0,0,1680,0,1610,0,0,1851,3225,1056,689,171,0,455,29,5,1,1,2
657282,1,0,1,0,0,0,11790,1379,574,1281,20,80,0,31,132,17,236,31,2016,0,0,2418,340,150,151,0,0,0,31,3,1,2,8
657322,3,0,3,0,0,0,24970,3185,930,971,186,0,0,639,91,30,672,91,1380,0,0,1898,894,71,195,164,503,1105,62,2,1,2,9
657352,2,1,1,0,0,0,32391,3471,387,1850,662,1220,0,0,0,0,1325,0,1216,0,0,12564,0,0,0,102,0,0,61,4,2,2,1
657392,2,1,1,0,0,0,19278,2737,355,3476,408,0,37,0,0,2,1416,0,2315,0,84,767,82,20,10,217,274,0,57,4,1,1,1
657402,3,2,1,0,0,0,27778,4355,1162,4273,1628,0,0,0,0,0,1462,291,1500,0,0,928,725,0,365,32,0,2483,53,3,1,1,9
657422,2,1,1,0,0,0,19596,2899,219,2685,583,0,0,0,1174,0,142,8,1028,0,0,1731,953,20,59,176,0,0,48,3,1,1,1
657432,3,1,1,1,0,0,17761,2379,270,9676,491,31,0,0,0,0,402,41,1110,0,0,0,514,15,172,18,0,78,28,3,1,4,3
657442,5,1,1,1,2,0,56884,5685,2738,15105,1302,209,94,81,0,189,3020,421,1647,0,0,3874,5297,1831,1647,498,8337,0,36,6,1,1,3
657452,5,2,1,0,1,1,66230,8775,832,23645,610,2497,80,0,0,0,1862,302,2150,0,0,4703,1066,269,465,156,80,1144,44,5,1,1,3
657472,2,1,1,0,0,0,40617,4539,5140,11705,341,0,0,0,0,34,237,90,3490,769,0,480,1761,1657,0,243,0,1040,54,2,1,4,1
657482,7,2,3,1,1,0,80495,5519,3507,7987,564,765,240,620,2120,243,2734,320,3169,177,0,2734,3045,1236,465,270,6629,650,43,4,1,1,4
657512,1,1,0,0,0,0,27704,1883,874,4641,1164,0,0,0,0,63,983,183,849,0,0,0,1845,15,30,115,0,0,48,4,1,4,8
657522,3,1,2,0,0,0,22815,6225,0,2041,258,4142,62,0,0,322,25,0,969,0,81,3730,324,33,0,104,0,312,80,3,1,2,4
657532,3,1,1,0,1,0,23390,1642,1390,6069,557,0,0,0,0,0,842,114,663,0,0,91,932,240,0,116,3,0,39,3,2,4,7
657542,7,2,4,0,0,1,18092,3180,268,1126,499,0,0,75,0,32,221,0,732,0,0,2255,234,44,181,60,0,1053,58,2,1,2,5
657562,2,1,1,0,0,0,13037,1675,230,2173,712,0,0,0,0,0,182,10,1118,0,0,1539,831,480,293,152,0,0,60,3,1,1,1
657582,3,2,1,0,0,0,27954,3321,1665,7458,798,10,0,116,0,81,399,24,1320,0,24,1075,2688,605,1254,287,15,1170,64,2,1,1,5
657632,4,0,1,2,1,0,6979,3315,60,1176,642,0,0,700,0,0,694,104,0,0,15,0,0,0,0,0,0,377,35,2,2,4,7
657732,1,1,0,0,0,0,6942,1872,347,2977,293,0,4,0,0,0,407,68,0,95,203,638,101,1,0,0,0,0,62,1,2,4,8
657742,6,1,2,1,2,0,46155,3835,1638,7380,1115,18,135,0,0,18,1823,179,1010,0,0,1550,904,150,305,147,76,0,41,3,1,4,5
657782,1,0,1,0,0,0,34240,2266,1126,7460,790,480,0,0,0,50,2513,347,559,908,20,747,1339,976,100,448,0,0,47,3,1,1,8
657812,4,1,1,2,0,0,24484,2665,1398,3823,494,3008,12,0,200,39,552,48,720,0,180,747,1490,788,34,117,90,0,38,5,4,2,3
657832,4,2,1,1,0,0,22375,3250,1647,2529,1130,0,0,0,313,0,1081,0,2535,0,0,600,1189,55,101,0,117,364,48,3,1,1,4
657852,2,1,1,0,0,0,45916,4414,3736,7306,1488,4,51,340,0,143,2407,82,2637,2010,0,3127,4900,2381,617,460,0,0,69,3,1,2,1
657862,2,1,1,0,0,0,32788,4940,780,5600,2610,0,0,30,0,0,335,0,635,0,0,9117,1315,0,250,373,0,247,64,3,1,2,1
657872,4,1,1,1,0,1,28017,5079,931,7272,821,240,45,0,0,60,1378,68,870,0,333,1587,714,258,196,303,0,0,33,6,1,1,2
657902,4,3,1,0,0,0,31922,5811,1020,5189,609,0,130,0,160,470,1712,180,1062,0,0,1524,3398,386,2022,168,0,975,69,1,1,2,4
657942,7,2,1,2,2,0,25357,4594,1747,2555,689,0,100,0,0,66,1714,512,1115,0,0,1002,2021,573,312,29,1142,0,43,4,1,2,3
657952,1,1,0,0,0,0,7314,2108,420,1269,520,0,62,0,0,0,782,171,50,154,272,277,0,0,0,60,0,650,49,3,2,4,8
